"hasSex","hasBeardValue","hasMoustacheValue","hasGlasses","hasMeasureName","range","cameraLocation","Correlation"
"sexFemale","appearanceNo","appearanceNo","false","arousal","HAHV","DL:DR","no"
"sexFemale","appearanceNo","appearanceNo","false","arousal","HAHV","DR:UR","no"
"sexFemale","appearanceNo","appearanceNo","false","arousal","LAHV","DL:DR","moderate positive"
"sexFemale","appearanceNo","appearanceNo","false","arousal","LAHV","DL:UL","weak negative"
"sexFemale","appearanceNo","appearanceNo","false","arousal","LAHV","DL:UR","no"
"sexFemale","appearanceNo","appearanceNo","false","arousal","LAHV","DR:UL","no"
"sexFemale","appearanceNo","appearanceNo","false","arousal","LAHV","DR:UR","no"
"sexFemale","appearanceNo","appearanceNo","false","arousal","LAHV","UL:UR","weak positive"
"sexFemale","appearanceNo","appearanceNo","false","arousal","HALV","DL:DR","no"
"sexFemale","appearanceNo","appearanceNo","false","arousal","HALV","DL:UL","weak positive"
"sexFemale","appearanceNo","appearanceNo","false","arousal","HALV","DL:UR","no"
"sexFemale","appearanceNo","appearanceNo","false","arousal","HALV","DR:UL","no"
"sexFemale","appearanceNo","appearanceNo","false","arousal","HALV","DR:UR","weak negative"
"sexFemale","appearanceNo","appearanceNo","false","arousal","HALV","UL:UR","moderate positive"
"sexFemale","appearanceNo","appearanceNo","false","arousal","LALV","DL:DR","no"
"sexFemale","appearanceNo","appearanceNo","false","arousal","LALV","DL:UL","no"
"sexFemale","appearanceNo","appearanceNo","false","arousal","LALV","DL:UR","no"
"sexFemale","appearanceNo","appearanceNo","false","arousal","LALV","DR:UL","no"
"sexFemale","appearanceNo","appearanceNo","false","arousal","LALV","DR:UR","no"
"sexFemale","appearanceNo","appearanceNo","false","arousal","LALV","UL:UR","weak positive"
"sexFemale","appearanceNo","appearanceNo","false","arousal","All","DL:DR","weak positive"
"sexFemale","appearanceNo","appearanceNo","false","arousal","All","DL:UL","no"
"sexFemale","appearanceNo","appearanceNo","false","arousal","All","DL:UR","no"
"sexFemale","appearanceNo","appearanceNo","false","arousal","All","DR:UL","no"
"sexFemale","appearanceNo","appearanceNo","false","arousal","All","DR:UR","no"
"sexFemale","appearanceNo","appearanceNo","false","arousal","All","UL:UR","weak positive"
"sexFemale","appearanceNo","appearanceNo","false","valence","HAHV","DL:DR","strong negative"
"sexFemale","appearanceNo","appearanceNo","false","valence","HAHV","DR:UR","no"
"sexFemale","appearanceNo","appearanceNo","false","valence","LAHV","DL:DR","weak positive"
"sexFemale","appearanceNo","appearanceNo","false","valence","LAHV","DL:UL","no"
"sexFemale","appearanceNo","appearanceNo","false","valence","LAHV","DL:UR","no"
"sexFemale","appearanceNo","appearanceNo","false","valence","LAHV","DR:UL","moderate positive"
"sexFemale","appearanceNo","appearanceNo","false","valence","LAHV","DR:UR","moderate positive"
"sexFemale","appearanceNo","appearanceNo","false","valence","LAHV","UL:UR","strong positive"
"sexFemale","appearanceNo","appearanceNo","false","valence","HALV","DL:DR","weak positive"
"sexFemale","appearanceNo","appearanceNo","false","valence","HALV","DL:UL","strong negative"
"sexFemale","appearanceNo","appearanceNo","false","valence","HALV","DL:UR","no"
"sexFemale","appearanceNo","appearanceNo","false","valence","HALV","DR:UL","no"
"sexFemale","appearanceNo","appearanceNo","false","valence","HALV","DR:UR","weak negative"
"sexFemale","appearanceNo","appearanceNo","false","valence","HALV","UL:UR","no"
"sexFemale","appearanceNo","appearanceNo","false","valence","LALV","DL:DR","no"
"sexFemale","appearanceNo","appearanceNo","false","valence","LALV","DL:UL","no"
"sexFemale","appearanceNo","appearanceNo","false","valence","LALV","DL:UR","no"
"sexFemale","appearanceNo","appearanceNo","false","valence","LALV","DR:UL","no"
"sexFemale","appearanceNo","appearanceNo","false","valence","LALV","DR:UR","no"
"sexFemale","appearanceNo","appearanceNo","false","valence","LALV","UL:UR","weak positive"
"sexFemale","appearanceNo","appearanceNo","false","valence","All","DL:DR","no"
"sexFemale","appearanceNo","appearanceNo","false","valence","All","DL:UL","no"
"sexFemale","appearanceNo","appearanceNo","false","valence","All","DL:UR","no"
"sexFemale","appearanceNo","appearanceNo","false","valence","All","DR:UL","no"
"sexFemale","appearanceNo","appearanceNo","false","valence","All","DR:UR","no"
"sexFemale","appearanceNo","appearanceNo","false","valence","All","UL:UR","weak positive"
"sexMale","appearanceHeavy","appearanceSome","false","arousal","HALV","DL:DR","moderate positive"
"sexMale","appearanceHeavy","appearanceSome","false","arousal","HALV","DL:UR","moderate positive"
"sexMale","appearanceHeavy","appearanceSome","false","arousal","HALV","DR:UL","no"
"sexMale","appearanceHeavy","appearanceSome","false","arousal","HALV","DR:UR","moderate negative"
"sexMale","appearanceHeavy","appearanceSome","false","arousal","HALV","UL:UR","no"
"sexMale","appearanceHeavy","appearanceSome","false","arousal","LALV","DL:DR","weak positive"
"sexMale","appearanceHeavy","appearanceSome","false","arousal","LALV","DL:UL","no"
"sexMale","appearanceHeavy","appearanceSome","false","arousal","LALV","DL:UR","no"
"sexMale","appearanceHeavy","appearanceSome","false","arousal","LALV","DR:UL","no"
"sexMale","appearanceHeavy","appearanceSome","false","arousal","LALV","DR:UR","no"
"sexMale","appearanceHeavy","appearanceSome","false","arousal","LALV","UL:UR","moderate positive"
"sexMale","appearanceHeavy","appearanceSome","false","arousal","All","DL:DR","weak positive"
"sexMale","appearanceHeavy","appearanceSome","false","arousal","All","DL:UL","no"
"sexMale","appearanceHeavy","appearanceSome","false","arousal","All","DL:UR","no"
"sexMale","appearanceHeavy","appearanceSome","false","arousal","All","DR:UL","no"
"sexMale","appearanceHeavy","appearanceSome","false","arousal","All","DR:UR","no"
"sexMale","appearanceHeavy","appearanceSome","false","arousal","All","UL:UR","moderate positive"
"sexMale","appearanceHeavy","appearanceSome","false","arousal","LAHV","DL:DR","strong positive"
"sexMale","appearanceHeavy","appearanceSome","false","arousal","LAHV","DL:UL","weak positive"
"sexMale","appearanceHeavy","appearanceSome","false","arousal","LAHV","DL:UR","weak positive"
"sexMale","appearanceHeavy","appearanceSome","false","arousal","LAHV","DR:UR","moderate negative"
"sexMale","appearanceHeavy","appearanceSome","false","arousal","LAHV","UL:UR","strong positive"
"sexMale","appearanceHeavy","appearanceSome","false","valence","HALV","DL:DR","no"
"sexMale","appearanceHeavy","appearanceSome","false","valence","HALV","DL:UR","weak negative"
"sexMale","appearanceHeavy","appearanceSome","false","valence","HALV","DR:UL","moderate positive"
"sexMale","appearanceHeavy","appearanceSome","false","valence","HALV","DR:UR","moderate positive"
"sexMale","appearanceHeavy","appearanceSome","false","valence","HALV","UL:UR","weak positive"
"sexMale","appearanceHeavy","appearanceSome","false","valence","LALV","DL:DR","moderate positive"
"sexMale","appearanceHeavy","appearanceSome","false","valence","LALV","DL:UL","weak positive"
"sexMale","appearanceHeavy","appearanceSome","false","valence","LALV","DL:UR","weak positive"
"sexMale","appearanceHeavy","appearanceSome","false","valence","LALV","DR:UL","no"
"sexMale","appearanceHeavy","appearanceSome","false","valence","LALV","DR:UR","no"
"sexMale","appearanceHeavy","appearanceSome","false","valence","LALV","UL:UR","strong positive"
"sexMale","appearanceHeavy","appearanceSome","false","valence","All","DL:DR","moderate positive"
"sexMale","appearanceHeavy","appearanceSome","false","valence","All","DL:UL","weak positive"
"sexMale","appearanceHeavy","appearanceSome","false","valence","All","DL:UR","weak positive"
"sexMale","appearanceHeavy","appearanceSome","false","valence","All","DR:UL","no"
"sexMale","appearanceHeavy","appearanceSome","false","valence","All","DR:UR","no"
"sexMale","appearanceHeavy","appearanceSome","false","valence","All","UL:UR","strong positive"
"sexMale","appearanceHeavy","appearanceSome","false","valence","LAHV","DL:DR","no"
"sexMale","appearanceHeavy","appearanceSome","false","valence","LAHV","DL:UL","no"
"sexMale","appearanceHeavy","appearanceSome","false","valence","LAHV","DL:UR","weak negative"
"sexMale","appearanceHeavy","appearanceSome","false","valence","LAHV","DR:UR","no"
"sexMale","appearanceHeavy","appearanceSome","false","valence","LAHV","UL:UR","no"
"sexMale","appearanceSome","appearanceSome","true","arousal","HAHV","DL:DR","strong positive"
"sexMale","appearanceSome","appearanceSome","true","arousal","HAHV","DR:UL","moderate positive"
"sexMale","appearanceSome","appearanceSome","true","arousal","LAHV","DL:DR","weak positive"
"sexMale","appearanceSome","appearanceSome","true","arousal","LAHV","DL:UL","no"
"sexMale","appearanceSome","appearanceSome","true","arousal","LAHV","DL:UR","no"
"sexMale","appearanceSome","appearanceSome","true","arousal","LAHV","DR:UL","no"
"sexMale","appearanceSome","appearanceSome","true","arousal","LAHV","DR:UR","weak positive"
"sexMale","appearanceSome","appearanceSome","true","arousal","LAHV","UL:UR","moderate positive"
"sexMale","appearanceSome","appearanceSome","true","arousal","HALV","DL:DR","weak positive"
"sexMale","appearanceSome","appearanceSome","true","arousal","HALV","DR:UR","strong negative"
"sexMale","appearanceSome","appearanceSome","true","arousal","HALV","UL:UR","weak positive"
"sexMale","appearanceSome","appearanceSome","true","arousal","LALV","DL:DR","no"
"sexMale","appearanceSome","appearanceSome","true","arousal","LALV","DL:UL","no"
"sexMale","appearanceSome","appearanceSome","true","arousal","LALV","DL:UR","no"
"sexMale","appearanceSome","appearanceSome","true","arousal","LALV","DR:UL","no"
"sexMale","appearanceSome","appearanceSome","true","arousal","LALV","DR:UR","no"
"sexMale","appearanceSome","appearanceSome","true","arousal","LALV","UL:UR","weak positive"
"sexMale","appearanceSome","appearanceSome","true","arousal","All","DL:DR","moderate positive"
"sexMale","appearanceSome","appearanceSome","true","arousal","All","DL:UL","no"
"sexMale","appearanceSome","appearanceSome","true","arousal","All","DL:UR","no"
"sexMale","appearanceSome","appearanceSome","true","arousal","All","DR:UL","weak positive"
"sexMale","appearanceSome","appearanceSome","true","arousal","All","DR:UR","weak positive"
"sexMale","appearanceSome","appearanceSome","true","arousal","All","UL:UR","weak positive"
"sexMale","appearanceSome","appearanceSome","true","valence","HAHV","DL:DR","strong positive"
"sexMale","appearanceSome","appearanceSome","true","valence","HAHV","DR:UL","strong positive"
"sexMale","appearanceSome","appearanceSome","true","valence","LAHV","DL:DR","strong positive"
"sexMale","appearanceSome","appearanceSome","true","valence","LAHV","DL:UL","strong positive"
"sexMale","appearanceSome","appearanceSome","true","valence","LAHV","DL:UR","strong positive"
"sexMale","appearanceSome","appearanceSome","true","valence","LAHV","DR:UL","strong positive"
"sexMale","appearanceSome","appearanceSome","true","valence","LAHV","DR:UR","strong positive"
"sexMale","appearanceSome","appearanceSome","true","valence","LAHV","UL:UR","strong positive"
"sexMale","appearanceSome","appearanceSome","true","valence","HALV","DL:DR","no"
"sexMale","appearanceSome","appearanceSome","true","valence","HALV","DR:UR","moderate negative"
"sexMale","appearanceSome","appearanceSome","true","valence","HALV","UL:UR","strong positive"
"sexMale","appearanceSome","appearanceSome","true","valence","LALV","DL:DR","no"
"sexMale","appearanceSome","appearanceSome","true","valence","LALV","DL:UL","weak positive"
"sexMale","appearanceSome","appearanceSome","true","valence","LALV","DL:UR","weak positive"
"sexMale","appearanceSome","appearanceSome","true","valence","LALV","DR:UL","no"
"sexMale","appearanceSome","appearanceSome","true","valence","LALV","DR:UR","no"
"sexMale","appearanceSome","appearanceSome","true","valence","LALV","UL:UR","strong positive"
"sexMale","appearanceSome","appearanceSome","true","valence","All","DL:DR","moderate positive"
"sexMale","appearanceSome","appearanceSome","true","valence","All","DL:UL","weak positive"
"sexMale","appearanceSome","appearanceSome","true","valence","All","DL:UR","weak positive"
"sexMale","appearanceSome","appearanceSome","true","valence","All","DR:UL","no"
"sexMale","appearanceSome","appearanceSome","true","valence","All","DR:UR","no"
"sexMale","appearanceSome","appearanceSome","true","valence","All","UL:UR","strong positive"
"sexMale","appearanceNo","appearanceNo","true","arousal","HAHV","DL:DR","strong positive"
"sexMale","appearanceNo","appearanceNo","true","arousal","HAHV","DL:UL","strong positive"
"sexMale","appearanceNo","appearanceNo","true","arousal","HAHV","DR:UL","weak negative"
"sexMale","appearanceNo","appearanceNo","true","arousal","HAHV","UL:UR","strong positive"
"sexMale","appearanceNo","appearanceNo","true","arousal","LAHV","DL:DR","weak positive"
"sexMale","appearanceNo","appearanceNo","true","arousal","LAHV","DL:UL","no"
"sexMale","appearanceNo","appearanceNo","true","arousal","LAHV","DL:UR","no"
"sexMale","appearanceNo","appearanceNo","true","arousal","LAHV","DR:UL","no"
"sexMale","appearanceNo","appearanceNo","true","arousal","LAHV","DR:UR","no"
"sexMale","appearanceNo","appearanceNo","true","arousal","LAHV","UL:UR","moderate positive"
"sexMale","appearanceNo","appearanceNo","true","arousal","HALV","DL:DR","no"
"sexMale","appearanceNo","appearanceNo","true","arousal","HALV","DL:UL","moderate negative"
"sexMale","appearanceNo","appearanceNo","true","arousal","HALV","DL:UR","strong negative"
"sexMale","appearanceNo","appearanceNo","true","arousal","HALV","DR:UL","moderate positive"
"sexMale","appearanceNo","appearanceNo","true","arousal","HALV","DR:UR","weak negative"
"sexMale","appearanceNo","appearanceNo","true","arousal","HALV","UL:UR","moderate positive"
"sexMale","appearanceNo","appearanceNo","true","arousal","LALV","DL:DR","moderate positive"
"sexMale","appearanceNo","appearanceNo","true","arousal","LALV","DL:UL","no"
"sexMale","appearanceNo","appearanceNo","true","arousal","LALV","DL:UR","no"
"sexMale","appearanceNo","appearanceNo","true","arousal","LALV","DR:UL","weak positive"
"sexMale","appearanceNo","appearanceNo","true","arousal","LALV","DR:UR","no"
"sexMale","appearanceNo","appearanceNo","true","arousal","LALV","UL:UR","weak positive"
"sexMale","appearanceNo","appearanceNo","true","arousal","All","DL:DR","moderate positive"
"sexMale","appearanceNo","appearanceNo","true","arousal","All","DL:UL","weak positive"
"sexMale","appearanceNo","appearanceNo","true","arousal","All","DL:UR","weak positive"
"sexMale","appearanceNo","appearanceNo","true","arousal","All","DR:UL","weak positive"
"sexMale","appearanceNo","appearanceNo","true","arousal","All","DR:UR","no"
"sexMale","appearanceNo","appearanceNo","true","arousal","All","UL:UR","weak positive"
"sexMale","appearanceNo","appearanceNo","true","valence","HAHV","DL:DR","weak negative"
"sexMale","appearanceNo","appearanceNo","true","valence","HAHV","DL:UL","no"
"sexMale","appearanceNo","appearanceNo","true","valence","HAHV","DR:UL","moderate positive"
"sexMale","appearanceNo","appearanceNo","true","valence","HAHV","UL:UR","weak positive"
"sexMale","appearanceNo","appearanceNo","true","valence","LAHV","DL:DR","strong positive"
"sexMale","appearanceNo","appearanceNo","true","valence","LAHV","DL:UL","weak positive"
"sexMale","appearanceNo","appearanceNo","true","valence","LAHV","DL:UR","no"
"sexMale","appearanceNo","appearanceNo","true","valence","LAHV","DR:UL","weak positive"
"sexMale","appearanceNo","appearanceNo","true","valence","LAHV","DR:UR","no"
"sexMale","appearanceNo","appearanceNo","true","valence","LAHV","UL:UR","strong positive"
"sexMale","appearanceNo","appearanceNo","true","valence","HALV","DL:DR","moderate negative"
"sexMale","appearanceNo","appearanceNo","true","valence","HALV","DL:UL","moderate positive"
"sexMale","appearanceNo","appearanceNo","true","valence","HALV","DL:UR","strong positive"
"sexMale","appearanceNo","appearanceNo","true","valence","HALV","DR:UL","no"
"sexMale","appearanceNo","appearanceNo","true","valence","HALV","DR:UR","strong negative"
"sexMale","appearanceNo","appearanceNo","true","valence","HALV","UL:UR","no"
"sexMale","appearanceNo","appearanceNo","true","valence","LALV","DL:DR","moderate positive"
"sexMale","appearanceNo","appearanceNo","true","valence","LALV","DL:UL","no"
"sexMale","appearanceNo","appearanceNo","true","valence","LALV","DL:UR","no"
"sexMale","appearanceNo","appearanceNo","true","valence","LALV","DR:UL","no"
"sexMale","appearanceNo","appearanceNo","true","valence","LALV","DR:UR","no"
"sexMale","appearanceNo","appearanceNo","true","valence","LALV","UL:UR","moderate positive"
"sexMale","appearanceNo","appearanceNo","true","valence","All","DL:DR","moderate positive"
"sexMale","appearanceNo","appearanceNo","true","valence","All","DL:UL","no"
"sexMale","appearanceNo","appearanceNo","true","valence","All","DL:UR","no"
"sexMale","appearanceNo","appearanceNo","true","valence","All","DR:UL","weak positive"
"sexMale","appearanceNo","appearanceNo","true","valence","All","DR:UR","weak positive"
"sexMale","appearanceNo","appearanceNo","true","valence","All","UL:UR","moderate positive"
"sexFemale","appearanceNo","appearanceNo","false","arousal","HAHV","DL:DR","strong positive"
"sexFemale","appearanceNo","appearanceNo","false","arousal","HAHV","DL:UL","no"
"sexFemale","appearanceNo","appearanceNo","false","arousal","HAHV","DL:UR","strong positive"
"sexFemale","appearanceNo","appearanceNo","false","arousal","HAHV","DR:UL","strong positive"
"sexFemale","appearanceNo","appearanceNo","false","arousal","HAHV","DR:UR","strong positive"
"sexFemale","appearanceNo","appearanceNo","false","arousal","HAHV","UL:UR","strong positive"
"sexFemale","appearanceNo","appearanceNo","false","arousal","LAHV","DL:DR","strong positive"
"sexFemale","appearanceNo","appearanceNo","false","arousal","LAHV","DL:UL","no"
"sexFemale","appearanceNo","appearanceNo","false","arousal","LAHV","DL:UR","no"
"sexFemale","appearanceNo","appearanceNo","false","arousal","LAHV","DR:UL","no"
"sexFemale","appearanceNo","appearanceNo","false","arousal","LAHV","DR:UR","no"
"sexFemale","appearanceNo","appearanceNo","false","arousal","LAHV","UL:UR","weak positive"
"sexFemale","appearanceNo","appearanceNo","false","arousal","HALV","DL:DR","no"
"sexFemale","appearanceNo","appearanceNo","false","arousal","HALV","DL:UL","weak negative"
"sexFemale","appearanceNo","appearanceNo","false","arousal","HALV","DL:UR","moderate positive"
"sexFemale","appearanceNo","appearanceNo","false","arousal","HALV","DR:UL","strong negative"
"sexFemale","appearanceNo","appearanceNo","false","arousal","HALV","DR:UR","weak negative"
"sexFemale","appearanceNo","appearanceNo","false","arousal","HALV","UL:UR","no"
"sexFemale","appearanceNo","appearanceNo","false","arousal","LALV","DL:DR","moderate positive"
"sexFemale","appearanceNo","appearanceNo","false","arousal","LALV","DL:UL","no"
"sexFemale","appearanceNo","appearanceNo","false","arousal","LALV","DL:UR","no"
"sexFemale","appearanceNo","appearanceNo","false","arousal","LALV","DR:UL","no"
"sexFemale","appearanceNo","appearanceNo","false","arousal","LALV","DR:UR","no"
"sexFemale","appearanceNo","appearanceNo","false","arousal","LALV","UL:UR","moderate positive"
"sexFemale","appearanceNo","appearanceNo","false","arousal","All","DL:DR","weak positive"
"sexFemale","appearanceNo","appearanceNo","false","arousal","All","DL:UL","no"
"sexFemale","appearanceNo","appearanceNo","false","arousal","All","DL:UR","no"
"sexFemale","appearanceNo","appearanceNo","false","arousal","All","DR:UL","no"
"sexFemale","appearanceNo","appearanceNo","false","arousal","All","DR:UR","no"
"sexFemale","appearanceNo","appearanceNo","false","arousal","All","UL:UR","moderate positive"
"sexFemale","appearanceNo","appearanceNo","false","valence","HAHV","DL:DR","moderate positive"
"sexFemale","appearanceNo","appearanceNo","false","valence","HAHV","DL:UL","strong positive"
"sexFemale","appearanceNo","appearanceNo","false","valence","HAHV","DL:UR","moderate positive"
"sexFemale","appearanceNo","appearanceNo","false","valence","HAHV","DR:UL","strong positive"
"sexFemale","appearanceNo","appearanceNo","false","valence","HAHV","DR:UR","strong positive"
"sexFemale","appearanceNo","appearanceNo","false","valence","HAHV","UL:UR","strong positive"
"sexFemale","appearanceNo","appearanceNo","false","valence","LAHV","DL:DR","strong positive"
"sexFemale","appearanceNo","appearanceNo","false","valence","LAHV","DL:UL","no"
"sexFemale","appearanceNo","appearanceNo","false","valence","LAHV","DL:UR","weak positive"
"sexFemale","appearanceNo","appearanceNo","false","valence","LAHV","DR:UL","no"
"sexFemale","appearanceNo","appearanceNo","false","valence","LAHV","DR:UR","no"
"sexFemale","appearanceNo","appearanceNo","false","valence","LAHV","UL:UR","weak positive"
"sexFemale","appearanceNo","appearanceNo","false","valence","HALV","DL:DR","weak positive"
"sexFemale","appearanceNo","appearanceNo","false","valence","HALV","DL:UL","no"
"sexFemale","appearanceNo","appearanceNo","false","valence","HALV","DL:UR","no"
"sexFemale","appearanceNo","appearanceNo","false","valence","HALV","DR:UL","strong positive"
"sexFemale","appearanceNo","appearanceNo","false","valence","HALV","DR:UR","strong negative"
"sexFemale","appearanceNo","appearanceNo","false","valence","HALV","UL:UR","no"
"sexFemale","appearanceNo","appearanceNo","false","valence","LALV","DL:DR","moderate positive"
"sexFemale","appearanceNo","appearanceNo","false","valence","LALV","DL:UL","no"
"sexFemale","appearanceNo","appearanceNo","false","valence","LALV","DL:UR","no"
"sexFemale","appearanceNo","appearanceNo","false","valence","LALV","DR:UL","no"
"sexFemale","appearanceNo","appearanceNo","false","valence","LALV","DR:UR","no"
"sexFemale","appearanceNo","appearanceNo","false","valence","LALV","UL:UR","moderate positive"
"sexFemale","appearanceNo","appearanceNo","false","valence","All","DL:DR","moderate positive"
"sexFemale","appearanceNo","appearanceNo","false","valence","All","DL:UL","no"
"sexFemale","appearanceNo","appearanceNo","false","valence","All","DL:UR","no"
"sexFemale","appearanceNo","appearanceNo","false","valence","All","DR:UL","no"
"sexFemale","appearanceNo","appearanceNo","false","valence","All","DR:UR","no"
"sexFemale","appearanceNo","appearanceNo","false","valence","All","UL:UR","weak positive"
"sexFemale","appearanceNo","appearanceNo","false","arousal","HAHV","UL:UR","moderate negative"
"sexFemale","appearanceNo","appearanceNo","false","arousal","LAHV","DL:DR","no"
"sexFemale","appearanceNo","appearanceNo","false","arousal","LAHV","DL:UL","no"
"sexFemale","appearanceNo","appearanceNo","false","arousal","LAHV","DL:UR","moderate positive"
"sexFemale","appearanceNo","appearanceNo","false","arousal","LAHV","DR:UL","no"
"sexFemale","appearanceNo","appearanceNo","false","arousal","LAHV","DR:UR","no"
"sexFemale","appearanceNo","appearanceNo","false","arousal","LAHV","UL:UR","no"
"sexFemale","appearanceNo","appearanceNo","false","arousal","HALV","DL:DR","no"
"sexFemale","appearanceNo","appearanceNo","false","arousal","HALV","DL:UL","no"
"sexFemale","appearanceNo","appearanceNo","false","arousal","HALV","DL:UR","no"
"sexFemale","appearanceNo","appearanceNo","false","arousal","HALV","DR:UL","moderate positive"
"sexFemale","appearanceNo","appearanceNo","false","arousal","HALV","DR:UR","moderate positive"
"sexFemale","appearanceNo","appearanceNo","false","arousal","HALV","UL:UR","strong positive"
"sexFemale","appearanceNo","appearanceNo","false","arousal","LALV","DL:DR","no"
"sexFemale","appearanceNo","appearanceNo","false","arousal","LALV","DL:UL","no"
"sexFemale","appearanceNo","appearanceNo","false","arousal","LALV","DL:UR","no"
"sexFemale","appearanceNo","appearanceNo","false","arousal","LALV","DR:UL","no"
"sexFemale","appearanceNo","appearanceNo","false","arousal","LALV","DR:UR","no"
"sexFemale","appearanceNo","appearanceNo","false","arousal","LALV","UL:UR","no"
"sexFemale","appearanceNo","appearanceNo","false","arousal","All","DL:DR","no"
"sexFemale","appearanceNo","appearanceNo","false","arousal","All","DL:UL","no"
"sexFemale","appearanceNo","appearanceNo","false","arousal","All","DL:UR","no"
"sexFemale","appearanceNo","appearanceNo","false","arousal","All","DR:UL","no"
"sexFemale","appearanceNo","appearanceNo","false","arousal","All","DR:UR","no"
"sexFemale","appearanceNo","appearanceNo","false","arousal","All","UL:UR","weak positive"
"sexFemale","appearanceNo","appearanceNo","false","valence","HAHV","UL:UR","weak positive"
"sexFemale","appearanceNo","appearanceNo","false","valence","LAHV","DL:DR","no"
"sexFemale","appearanceNo","appearanceNo","false","valence","LAHV","DL:UL","no"
"sexFemale","appearanceNo","appearanceNo","false","valence","LAHV","DL:UR","moderate negative"
"sexFemale","appearanceNo","appearanceNo","false","valence","LAHV","DR:UL","moderate positive"
"sexFemale","appearanceNo","appearanceNo","false","valence","LAHV","DR:UR","no"
"sexFemale","appearanceNo","appearanceNo","false","valence","LAHV","UL:UR","weak positive"
"sexFemale","appearanceNo","appearanceNo","false","valence","HALV","DL:DR","moderate positive"
"sexFemale","appearanceNo","appearanceNo","false","valence","HALV","DL:UL","no"
"sexFemale","appearanceNo","appearanceNo","false","valence","HALV","DL:UR","no"
"sexFemale","appearanceNo","appearanceNo","false","valence","HALV","DR:UL","no"
"sexFemale","appearanceNo","appearanceNo","false","valence","HALV","DR:UR","no"
"sexFemale","appearanceNo","appearanceNo","false","valence","HALV","UL:UR","moderate positive"
"sexFemale","appearanceNo","appearanceNo","false","valence","LALV","DL:DR","no"
"sexFemale","appearanceNo","appearanceNo","false","valence","LALV","DL:UL","no"
"sexFemale","appearanceNo","appearanceNo","false","valence","LALV","DL:UR","no"
"sexFemale","appearanceNo","appearanceNo","false","valence","LALV","DR:UL","no"
"sexFemale","appearanceNo","appearanceNo","false","valence","LALV","DR:UR","no"
"sexFemale","appearanceNo","appearanceNo","false","valence","LALV","UL:UR","moderate positive"
"sexFemale","appearanceNo","appearanceNo","false","valence","All","DL:DR","no"
"sexFemale","appearanceNo","appearanceNo","false","valence","All","DL:UL","no"
"sexFemale","appearanceNo","appearanceNo","false","valence","All","DL:UR","no"
"sexFemale","appearanceNo","appearanceNo","false","valence","All","DR:UL","no"
"sexFemale","appearanceNo","appearanceNo","false","valence","All","DR:UR","no"
"sexFemale","appearanceNo","appearanceNo","false","valence","All","UL:UR","moderate positive"
"sexFemale","appearanceNo","appearanceNo","false","arousal","LAHV","DL:DR","no"
"sexFemale","appearanceNo","appearanceNo","false","arousal","LAHV","DL:UL","no"
"sexFemale","appearanceNo","appearanceNo","false","arousal","LAHV","DL:UR","weak negative"
"sexFemale","appearanceNo","appearanceNo","false","arousal","LAHV","DR:UL","no"
"sexFemale","appearanceNo","appearanceNo","false","arousal","LAHV","DR:UR","no"
"sexFemale","appearanceNo","appearanceNo","false","arousal","LAHV","UL:UR","strong positive"
"sexFemale","appearanceNo","appearanceNo","false","arousal","HALV","DL:DR","moderate positive"
"sexFemale","appearanceNo","appearanceNo","false","arousal","HALV","DL:UL","no"
"sexFemale","appearanceNo","appearanceNo","false","arousal","HALV","DL:UR","no"
"sexFemale","appearanceNo","appearanceNo","false","arousal","HALV","DR:UL","strong positive"
"sexFemale","appearanceNo","appearanceNo","false","arousal","HALV","DR:UR","weak positive"
"sexFemale","appearanceNo","appearanceNo","false","arousal","HALV","UL:UR","no"
"sexFemale","appearanceNo","appearanceNo","false","arousal","LALV","DL:DR","moderate positive"
"sexFemale","appearanceNo","appearanceNo","false","arousal","LALV","DL:UL","no"
"sexFemale","appearanceNo","appearanceNo","false","arousal","LALV","DL:UR","no"
"sexFemale","appearanceNo","appearanceNo","false","arousal","LALV","DR:UL","no"
"sexFemale","appearanceNo","appearanceNo","false","arousal","LALV","DR:UR","no"
"sexFemale","appearanceNo","appearanceNo","false","arousal","LALV","UL:UR","no"
"sexFemale","appearanceNo","appearanceNo","false","arousal","All","DL:DR","moderate positive"
"sexFemale","appearanceNo","appearanceNo","false","arousal","All","DL:UL","no"
"sexFemale","appearanceNo","appearanceNo","false","arousal","All","DL:UR","no"
"sexFemale","appearanceNo","appearanceNo","false","arousal","All","DR:UL","no"
"sexFemale","appearanceNo","appearanceNo","false","arousal","All","DR:UR","no"
"sexFemale","appearanceNo","appearanceNo","false","arousal","All","UL:UR","weak positive"
"sexFemale","appearanceNo","appearanceNo","false","valence","LAHV","DL:DR","strong positive"
"sexFemale","appearanceNo","appearanceNo","false","valence","LAHV","DL:UL","no"
"sexFemale","appearanceNo","appearanceNo","false","valence","LAHV","DL:UR","moderate positive"
"sexFemale","appearanceNo","appearanceNo","false","valence","LAHV","DR:UL","moderate positive"
"sexFemale","appearanceNo","appearanceNo","false","valence","LAHV","DR:UR","weak positive"
"sexFemale","appearanceNo","appearanceNo","false","valence","LAHV","UL:UR","moderate positive"
"sexFemale","appearanceNo","appearanceNo","false","valence","HALV","DL:DR","strong positive"
"sexFemale","appearanceNo","appearanceNo","false","valence","HALV","DL:UL","strong negative"
"sexFemale","appearanceNo","appearanceNo","false","valence","HALV","DL:UR","strong negative"
"sexFemale","appearanceNo","appearanceNo","false","valence","HALV","DR:UL","weak negative"
"sexFemale","appearanceNo","appearanceNo","false","valence","HALV","DR:UR","moderate negative"
"sexFemale","appearanceNo","appearanceNo","false","valence","HALV","UL:UR","moderate positive"
"sexFemale","appearanceNo","appearanceNo","false","valence","LALV","DL:DR","moderate positive"
"sexFemale","appearanceNo","appearanceNo","false","valence","LALV","DL:UL","no"
"sexFemale","appearanceNo","appearanceNo","false","valence","LALV","DL:UR","no"
"sexFemale","appearanceNo","appearanceNo","false","valence","LALV","DR:UL","no"
"sexFemale","appearanceNo","appearanceNo","false","valence","LALV","DR:UR","no"
"sexFemale","appearanceNo","appearanceNo","false","valence","LALV","UL:UR","moderate positive"
"sexFemale","appearanceNo","appearanceNo","false","valence","All","DL:DR","moderate positive"
"sexFemale","appearanceNo","appearanceNo","false","valence","All","DL:UL","no"
"sexFemale","appearanceNo","appearanceNo","false","valence","All","DL:UR","no"
"sexFemale","appearanceNo","appearanceNo","false","valence","All","DR:UL","no"
"sexFemale","appearanceNo","appearanceNo","false","valence","All","DR:UR","no"
"sexFemale","appearanceNo","appearanceNo","false","valence","All","UL:UR","moderate positive"
"sexMale","appearanceSome","appearanceSome","false","arousal","HAHV","DL:UL","strong positive"
"sexMale","appearanceSome","appearanceSome","false","arousal","HAHV","DL:UR","strong positive"
"sexMale","appearanceSome","appearanceSome","false","arousal","HAHV","DR:UR","strong negative"
"sexMale","appearanceSome","appearanceSome","false","arousal","HAHV","UL:UR","strong positive"
"sexMale","appearanceSome","appearanceSome","false","arousal","LAHV","DL:DR","no"
"sexMale","appearanceSome","appearanceSome","false","arousal","LAHV","DL:UL","no"
"sexMale","appearanceSome","appearanceSome","false","arousal","LAHV","DL:UR","strong positive"
"sexMale","appearanceSome","appearanceSome","false","arousal","LAHV","DR:UL","no"
"sexMale","appearanceSome","appearanceSome","false","arousal","LAHV","DR:UR","weak negative"
"sexMale","appearanceSome","appearanceSome","false","arousal","LAHV","UL:UR","no"
"sexMale","appearanceSome","appearanceSome","false","arousal","HALV","DL:DR","no"
"sexMale","appearanceSome","appearanceSome","false","arousal","HALV","DL:UL","no"
"sexMale","appearanceSome","appearanceSome","false","arousal","HALV","DL:UR","no"
"sexMale","appearanceSome","appearanceSome","false","arousal","HALV","DR:UL","no"
"sexMale","appearanceSome","appearanceSome","false","arousal","HALV","DR:UR","no"
"sexMale","appearanceSome","appearanceSome","false","arousal","HALV","UL:UR","no"
"sexMale","appearanceSome","appearanceSome","false","arousal","LALV","DL:DR","no"
"sexMale","appearanceSome","appearanceSome","false","arousal","LALV","DL:UL","no"
"sexMale","appearanceSome","appearanceSome","false","arousal","LALV","DL:UR","no"
"sexMale","appearanceSome","appearanceSome","false","arousal","LALV","DR:UL","no"
"sexMale","appearanceSome","appearanceSome","false","arousal","LALV","DR:UR","no"
"sexMale","appearanceSome","appearanceSome","false","arousal","LALV","UL:UR","no"
"sexMale","appearanceSome","appearanceSome","false","arousal","All","DL:DR","no"
"sexMale","appearanceSome","appearanceSome","false","arousal","All","DL:UL","weak positive"
"sexMale","appearanceSome","appearanceSome","false","arousal","All","DL:UR","no"
"sexMale","appearanceSome","appearanceSome","false","arousal","All","DR:UL","no"
"sexMale","appearanceSome","appearanceSome","false","arousal","All","DR:UR","no"
"sexMale","appearanceSome","appearanceSome","false","arousal","All","UL:UR","weak positive"
"sexMale","appearanceSome","appearanceSome","false","valence","HAHV","DL:UL","strong positive"
"sexMale","appearanceSome","appearanceSome","false","valence","HAHV","DL:UR","no"
"sexMale","appearanceSome","appearanceSome","false","valence","HAHV","DR:UR","no"
"sexMale","appearanceSome","appearanceSome","false","valence","HAHV","UL:UR","strong negative"
"sexMale","appearanceSome","appearanceSome","false","valence","LAHV","DL:DR","weak negative"
"sexMale","appearanceSome","appearanceSome","false","valence","LAHV","DL:UL","no"
"sexMale","appearanceSome","appearanceSome","false","valence","LAHV","DL:UR","moderate negative"
"sexMale","appearanceSome","appearanceSome","false","valence","LAHV","DR:UL","weak positive"
"sexMale","appearanceSome","appearanceSome","false","valence","LAHV","DR:UR","weak positive"
"sexMale","appearanceSome","appearanceSome","false","valence","LAHV","UL:UR","strong negative"
"sexMale","appearanceSome","appearanceSome","false","valence","HALV","DL:DR","weak positive"
"sexMale","appearanceSome","appearanceSome","false","valence","HALV","DL:UL","moderate positive"
"sexMale","appearanceSome","appearanceSome","false","valence","HALV","DL:UR","no"
"sexMale","appearanceSome","appearanceSome","false","valence","HALV","DR:UL","no"
"sexMale","appearanceSome","appearanceSome","false","valence","HALV","DR:UR","no"
"sexMale","appearanceSome","appearanceSome","false","valence","HALV","UL:UR","no"
"sexMale","appearanceSome","appearanceSome","false","valence","LALV","DL:DR","weak positive"
"sexMale","appearanceSome","appearanceSome","false","valence","LALV","DL:UL","weak negative"
"sexMale","appearanceSome","appearanceSome","false","valence","LALV","DL:UR","no"
"sexMale","appearanceSome","appearanceSome","false","valence","LALV","DR:UL","no"
"sexMale","appearanceSome","appearanceSome","false","valence","LALV","DR:UR","no"
"sexMale","appearanceSome","appearanceSome","false","valence","LALV","UL:UR","weak positive"
"sexMale","appearanceSome","appearanceSome","false","valence","All","DL:DR","weak positive"
"sexMale","appearanceSome","appearanceSome","false","valence","All","DL:UL","no"
"sexMale","appearanceSome","appearanceSome","false","valence","All","DL:UR","no"
"sexMale","appearanceSome","appearanceSome","false","valence","All","DR:UL","no"
"sexMale","appearanceSome","appearanceSome","false","valence","All","DR:UR","no"
"sexMale","appearanceSome","appearanceSome","false","valence","All","UL:UR","no"
"sexMale","appearanceHeavy","appearanceSome","true","arousal","HAHV","DL:DR","weak positive"
"sexMale","appearanceHeavy","appearanceSome","true","arousal","HAHV","DL:UL","strong negative"
"sexMale","appearanceHeavy","appearanceSome","true","arousal","HAHV","DL:UR","no"
"sexMale","appearanceHeavy","appearanceSome","true","arousal","HAHV","DR:UL","weak negative"
"sexMale","appearanceHeavy","appearanceSome","true","arousal","HAHV","DR:UR","weak positive"
"sexMale","appearanceHeavy","appearanceSome","true","arousal","HAHV","UL:UR","strong positive"
"sexMale","appearanceHeavy","appearanceSome","true","arousal","LAHV","DL:DR","no"
"sexMale","appearanceHeavy","appearanceSome","true","arousal","LAHV","DL:UL","weak negative"
"sexMale","appearanceHeavy","appearanceSome","true","arousal","LAHV","DL:UR","weak positive"
"sexMale","appearanceHeavy","appearanceSome","true","arousal","LAHV","DR:UL","strong positive"
"sexMale","appearanceHeavy","appearanceSome","true","arousal","LAHV","DR:UR","moderate positive"
"sexMale","appearanceHeavy","appearanceSome","true","arousal","LAHV","UL:UR","no"
"sexMale","appearanceHeavy","appearanceSome","true","arousal","HALV","DL:DR","no"
"sexMale","appearanceHeavy","appearanceSome","true","arousal","HALV","DL:UL","no"
"sexMale","appearanceHeavy","appearanceSome","true","arousal","HALV","DL:UR","weak positive"
"sexMale","appearanceHeavy","appearanceSome","true","arousal","HALV","DR:UL","no"
"sexMale","appearanceHeavy","appearanceSome","true","arousal","HALV","DR:UR","no"
"sexMale","appearanceHeavy","appearanceSome","true","arousal","HALV","UL:UR","strong positive"
"sexMale","appearanceHeavy","appearanceSome","true","arousal","LALV","DL:DR","weak positive"
"sexMale","appearanceHeavy","appearanceSome","true","arousal","LALV","DL:UL","no"
"sexMale","appearanceHeavy","appearanceSome","true","arousal","LALV","DL:UR","no"
"sexMale","appearanceHeavy","appearanceSome","true","arousal","LALV","DR:UL","no"
"sexMale","appearanceHeavy","appearanceSome","true","arousal","LALV","DR:UR","no"
"sexMale","appearanceHeavy","appearanceSome","true","arousal","LALV","UL:UR","weak positive"
"sexMale","appearanceHeavy","appearanceSome","true","valence","HAHV","DL:DR","strong positive"
"sexMale","appearanceHeavy","appearanceSome","true","valence","HAHV","DL:UL","strong positive"
"sexMale","appearanceHeavy","appearanceSome","true","valence","HAHV","DL:UR","strong positive"
"sexMale","appearanceHeavy","appearanceSome","true","valence","HAHV","DR:UL","strong positive"
"sexMale","appearanceHeavy","appearanceSome","true","valence","HAHV","DR:UR","moderate positive"
"sexMale","appearanceHeavy","appearanceSome","true","valence","HAHV","UL:UR","moderate positive"
"sexMale","appearanceHeavy","appearanceSome","true","valence","LAHV","DL:DR","weak negative"
"sexMale","appearanceHeavy","appearanceSome","true","valence","LAHV","DL:UL","no"
"sexMale","appearanceHeavy","appearanceSome","true","valence","LAHV","DL:UR","no"
"sexMale","appearanceHeavy","appearanceSome","true","valence","LAHV","DR:UL","moderate positive"
"sexMale","appearanceHeavy","appearanceSome","true","valence","LAHV","DR:UR","no"
"sexMale","appearanceHeavy","appearanceSome","true","valence","LAHV","UL:UR","weak positive"
"sexMale","appearanceHeavy","appearanceSome","true","valence","HALV","DL:DR","weak positive"
"sexMale","appearanceHeavy","appearanceSome","true","valence","HALV","DL:UL","no"
"sexMale","appearanceHeavy","appearanceSome","true","valence","HALV","DL:UR","weak negative"
"sexMale","appearanceHeavy","appearanceSome","true","valence","HALV","DR:UL","no"
"sexMale","appearanceHeavy","appearanceSome","true","valence","HALV","DR:UR","no"
"sexMale","appearanceHeavy","appearanceSome","true","valence","HALV","UL:UR","moderate positive"
"sexMale","appearanceHeavy","appearanceSome","true","valence","LALV","DL:DR","weak positive"
"sexMale","appearanceHeavy","appearanceSome","true","valence","LALV","DL:UL","no"
"sexMale","appearanceHeavy","appearanceSome","true","valence","LALV","DL:UR","no"
"sexMale","appearanceHeavy","appearanceSome","true","valence","LALV","DR:UL","no"
"sexMale","appearanceHeavy","appearanceSome","true","valence","LALV","DR:UR","weak negative"
"sexMale","appearanceHeavy","appearanceSome","true","valence","LALV","UL:UR","moderate positive"
"sexMale","appearanceNo","appearanceNo","true","arousal","All","DL:DR","moderate positive"
"sexMale","appearanceNo","appearanceNo","true","arousal","All","DL:UL","no"
"sexMale","appearanceNo","appearanceNo","true","arousal","All","DL:UR","no"
"sexMale","appearanceNo","appearanceNo","true","arousal","All","DR:UL","no"
"sexMale","appearanceNo","appearanceNo","true","arousal","All","DR:UR","no"
"sexMale","appearanceNo","appearanceNo","true","arousal","All","UL:UR","moderate positive"
"sexMale","appearanceNo","appearanceNo","true","arousal","HAHV","DL:DR","weak negative"
"sexMale","appearanceNo","appearanceNo","true","arousal","HAHV","DL:UL","moderate positive"
"sexMale","appearanceNo","appearanceNo","true","arousal","HAHV","DL:UR","no"
"sexMale","appearanceNo","appearanceNo","true","arousal","HAHV","DR:UL","no"
"sexMale","appearanceNo","appearanceNo","true","arousal","HAHV","DR:UR","no"
"sexMale","appearanceNo","appearanceNo","true","arousal","HAHV","UL:UR","weak positive"
"sexMale","appearanceNo","appearanceNo","true","arousal","LAHV","DL:DR","no"
"sexMale","appearanceNo","appearanceNo","true","arousal","LAHV","DL:UL","no"
"sexMale","appearanceNo","appearanceNo","true","arousal","LAHV","DL:UR","no"
"sexMale","appearanceNo","appearanceNo","true","arousal","LAHV","DR:UL","no"
"sexMale","appearanceNo","appearanceNo","true","arousal","LAHV","DR:UR","no"
"sexMale","appearanceNo","appearanceNo","true","arousal","LAHV","UL:UR","weak positive"
"sexMale","appearanceNo","appearanceNo","true","arousal","HALV","DL:DR","moderate positive"
"sexMale","appearanceNo","appearanceNo","true","arousal","HALV","DL:UL","no"
"sexMale","appearanceNo","appearanceNo","true","arousal","HALV","DL:UR","weak positive"
"sexMale","appearanceNo","appearanceNo","true","arousal","HALV","DR:UL","weak negative"
"sexMale","appearanceNo","appearanceNo","true","arousal","HALV","DR:UR","no"
"sexMale","appearanceNo","appearanceNo","true","arousal","HALV","UL:UR","moderate positive"
"sexMale","appearanceNo","appearanceNo","true","arousal","LALV","DL:DR","weak positive"
"sexMale","appearanceNo","appearanceNo","true","arousal","LALV","DL:UL","no"
"sexMale","appearanceNo","appearanceNo","true","arousal","LALV","DL:UR","no"
"sexMale","appearanceNo","appearanceNo","true","arousal","LALV","DR:UL","no"
"sexMale","appearanceNo","appearanceNo","true","arousal","LALV","DR:UR","no"
"sexMale","appearanceNo","appearanceNo","true","arousal","LALV","UL:UR","weak positive"
"sexMale","appearanceNo","appearanceNo","true","arousal","All","DL:DR","moderate positive"
"sexMale","appearanceNo","appearanceNo","true","arousal","All","DL:UL","no"
"sexMale","appearanceNo","appearanceNo","true","arousal","All","DL:UR","no"
"sexMale","appearanceNo","appearanceNo","true","arousal","All","DR:UL","no"
"sexMale","appearanceNo","appearanceNo","true","arousal","All","DR:UR","no"
"sexMale","appearanceNo","appearanceNo","true","arousal","All","UL:UR","moderate positive"
"sexMale","appearanceNo","appearanceNo","true","valence","All","DL:DR","strong positive"
"sexMale","appearanceNo","appearanceNo","true","valence","All","DL:UL","weak positive"
"sexMale","appearanceNo","appearanceNo","true","valence","All","DL:UR","weak positive"
"sexMale","appearanceNo","appearanceNo","true","valence","All","DR:UL","weak positive"
"sexMale","appearanceNo","appearanceNo","true","valence","All","DR:UR","weak positive"
"sexMale","appearanceNo","appearanceNo","true","valence","All","UL:UR","moderate positive"
"sexMale","appearanceNo","appearanceNo","true","valence","HAHV","DL:DR","strong positive"
"sexMale","appearanceNo","appearanceNo","true","valence","HAHV","DL:UL","no"
"sexMale","appearanceNo","appearanceNo","true","valence","HAHV","DL:UR","no"
"sexMale","appearanceNo","appearanceNo","true","valence","HAHV","DR:UL","no"
"sexMale","appearanceNo","appearanceNo","true","valence","HAHV","DR:UR","weak positive"
"sexMale","appearanceNo","appearanceNo","true","valence","HAHV","UL:UR","strong positive"
"sexMale","appearanceNo","appearanceNo","true","valence","LAHV","DL:DR","strong positive"
"sexMale","appearanceNo","appearanceNo","true","valence","LAHV","DL:UL","no"
"sexMale","appearanceNo","appearanceNo","true","valence","LAHV","DL:UR","no"
"sexMale","appearanceNo","appearanceNo","true","valence","LAHV","DR:UL","no"
"sexMale","appearanceNo","appearanceNo","true","valence","LAHV","DR:UR","no"
"sexMale","appearanceNo","appearanceNo","true","valence","LAHV","UL:UR","strong positive"
"sexMale","appearanceNo","appearanceNo","true","valence","HALV","DL:DR","moderate positive"
"sexMale","appearanceNo","appearanceNo","true","valence","HALV","DL:UL","no"
"sexMale","appearanceNo","appearanceNo","true","valence","HALV","DL:UR","weak positive"
"sexMale","appearanceNo","appearanceNo","true","valence","HALV","DR:UL","weak negative"
"sexMale","appearanceNo","appearanceNo","true","valence","HALV","DR:UR","weak negative"
"sexMale","appearanceNo","appearanceNo","true","valence","HALV","UL:UR","weak positive"
"sexMale","appearanceNo","appearanceNo","true","valence","LALV","DL:DR","moderate positive"
"sexMale","appearanceNo","appearanceNo","true","valence","LALV","DL:UL","no"
"sexMale","appearanceNo","appearanceNo","true","valence","LALV","DL:UR","no"
"sexMale","appearanceNo","appearanceNo","true","valence","LALV","DR:UL","no"
"sexMale","appearanceNo","appearanceNo","true","valence","LALV","DR:UR","no"
"sexMale","appearanceNo","appearanceNo","true","valence","LALV","UL:UR","weak positive"
"sexMale","appearanceNo","appearanceNo","true","valence","All","DL:DR","strong positive"
"sexMale","appearanceNo","appearanceNo","true","valence","All","DL:UL","weak positive"
"sexMale","appearanceNo","appearanceNo","true","valence","All","DL:UR","weak positive"
"sexMale","appearanceNo","appearanceNo","true","valence","All","DR:UL","weak positive"
"sexMale","appearanceNo","appearanceNo","true","valence","All","DR:UR","weak positive"
"sexMale","appearanceNo","appearanceNo","true","valence","All","UL:UR","moderate positive"
