"Rule","Record count","Number of correct"
"range = <0.2 AND cameraLocation = DL:DR => no",200,152
"hasMeasureName = anger AND range = All AND cameraLocation = DL:DR => no",30,20
"hasMeasureName = disgust AND range = All AND cameraLocation = DL:DR => no",30,17
"hasMeasureName = happiness AND range = All AND cameraLocation = DL:DR => yes positive",30,16
"system = FR AND hasMeasureName = neutral AND range = All AND cameraLocation = DL:DR => yes positive",10,9
"system = LU AND hasMeasureName = neutral AND range = All AND cameraLocation = DL:DR => yes positive",10,10
"system = XP AND hasMeasureName = neutral AND range = All AND cameraLocation = DL:DR => no",10,8
"system = FR AND hasMeasureName = sadness AND range = All AND cameraLocation = DL:DR => yes positive",10,8
"system = LU AND hasMeasureName = sadness AND range = All AND cameraLocation = DL:DR => yes positive",10,7
"system = XP AND hasMeasureName = sadness AND range = All AND cameraLocation = DL:DR => no",10,9
"hasMeasureName = fear AND range = All AND cameraLocation = DL:DR => no",20,13
"hasMeasureName = surprise AND range = All AND cameraLocation = DL:DR => no",30,15
"system = FR AND range = >=0.2 AND cameraLocation = DL:DR => yes positive",62,37
"system = LU AND range = >=0.2 AND cameraLocation = DL:DR => no",61,35
"system = XP AND range = >=0.2 AND cameraLocation = DL:DR => no",60,42
"cameraLocation = DL:UL AND TRUE => no",552,461
"cameraLocation = DL:UR AND TRUE => no",561,471
"cameraLocation = DR:UL AND TRUE => no",552,457
"cameraLocation = DR:UR AND TRUE => no",562,464
"hasMeasureName = anger AND system = FR AND cameraLocation = UL:UR => yes positive",30,24
"hasMeasureName = disgust AND system = FR AND cameraLocation = UL:UR => no",28,15
"hasMeasureName = happiness AND system = FR AND cameraLocation = UL:UR => yes positive",30,22
"hasMeasureName = neutral AND system = FR AND cameraLocation = UL:UR => yes positive",30,22
"hasMeasureName = sadness AND system = FR AND cameraLocation = UL:UR => yes positive",28,14
"hasMeasureName = fear AND system = FR AND cameraLocation = UL:UR => no",23,17
"hasMeasureName = surprise AND system = FR AND cameraLocation = UL:UR => no",27,22
"system = LU AND cameraLocation = UL:UR => yes positive",196,142
"hasMeasureName = anger AND system = XP AND cameraLocation = UL:UR => no",30,24
"range = <0.2 AND hasMeasureName = disgust AND system = XP AND cameraLocation = UL:UR => no",10,10
"range = All AND hasMeasureName = disgust AND system = XP AND cameraLocation = UL:UR => no",10,5
"range = >=0.2 AND hasMeasureName = disgust AND system = XP AND cameraLocation = UL:UR => yes positive",6,5
"hasMeasureName = happiness AND system = XP AND cameraLocation = UL:UR => yes positive",30,21
"hasMeasureName = neutral AND system = XP AND cameraLocation = UL:UR => no",30,22
"hasMeasureName = sadness AND system = XP AND cameraLocation = UL:UR => no",30,27
"hasMeasureName = fear AND system = XP AND cameraLocation = UL:UR => no",0,0
"hasMeasureName = surprise AND system = XP AND cameraLocation = UL:UR => no",25,19
