"Rule","Record count","Number of correct"
"cameraLocation = DL:DR AND TRUE => no",583,354
"cameraLocation = DL:UL AND TRUE => no",552,461
"cameraLocation = DL:UR AND TRUE => no",561,471
"cameraLocation = DR:UL AND TRUE => no",552,457
"cameraLocation = DR:UR AND TRUE => no",562,464
"hasMeasureName = anger AND system = FR AND cameraLocation = UL:UR => moderate positive",30,10
"hasMeasureName = disgust AND system = FR AND cameraLocation = UL:UR => no",28,15
"hasMeasureName = happiness AND system = FR AND cameraLocation = UL:UR => moderate positive",30,13
"hasMeasureName = neutral AND system = FR AND cameraLocation = UL:UR => moderate positive",30,14
"hasMeasureName = sadness AND system = FR AND cameraLocation = UL:UR => no",28,13
"hasMeasureName = fear AND system = FR AND cameraLocation = UL:UR => no",23,17
"hasMeasureName = surprise AND system = FR AND cameraLocation = UL:UR => no",27,22
"range = <0.2 AND hasMeasureName = anger AND system = LU AND cameraLocation = UL:UR => weak positive",10,5
"range = All AND hasMeasureName = anger AND system = LU AND cameraLocation = UL:UR => moderate positive",10,6
"range = >=0.2 AND hasMeasureName = anger AND system = LU AND cameraLocation = UL:UR => no",9,6
"hasMeasureName = disgust AND system = LU AND cameraLocation = UL:UR => weak positive",30,14
"range = <0.2 AND hasMeasureName = happiness AND system = LU AND cameraLocation = UL:UR => no",10,5
"range = All AND hasMeasureName = happiness AND system = LU AND cameraLocation = UL:UR => moderate positive",10,4
"range = >=0.2 AND hasMeasureName = happiness AND system = LU AND cameraLocation = UL:UR => weak positive",10,4
"hasMeasureName = neutral AND system = LU AND cameraLocation = UL:UR => moderate positive",30,12
"hasMeasureName = sadness AND system = LU AND cameraLocation = UL:UR => strong positive",30,12
"hasMeasureName = fear AND system = LU AND cameraLocation = UL:UR => no",26,14
"hasMeasureName = surprise AND system = LU AND cameraLocation = UL:UR => no",21,8
"system = XP AND cameraLocation = UL:UR => no",171,116
