"hasSex","hasBeardValue","hasMoustacheValue","hasGlasses","hasMeasureName","range","cameraLocation","CorrelationYN"
"sexFemale","appearanceNo","appearanceNo","false","arousal","HAHV","DL:DR","no"
"sexFemale","appearanceNo","appearanceNo","false","arousal","HAHV","DR:UR","no"
"sexFemale","appearanceNo","appearanceNo","false","arousal","LAHV","DL:DR","yes positive"
"sexFemale","appearanceNo","appearanceNo","false","arousal","LAHV","DL:UL","yes negative"
"sexFemale","appearanceNo","appearanceNo","false","arousal","LAHV","DL:UR","no"
"sexFemale","appearanceNo","appearanceNo","false","arousal","LAHV","DR:UL","no"
"sexFemale","appearanceNo","appearanceNo","false","arousal","LAHV","DR:UR","no"
"sexFemale","appearanceNo","appearanceNo","false","arousal","LAHV","UL:UR","yes positive"
"sexFemale","appearanceNo","appearanceNo","false","arousal","HALV","DL:DR","no"
"sexFemale","appearanceNo","appearanceNo","false","arousal","HALV","DL:UL","yes positive"
"sexFemale","appearanceNo","appearanceNo","false","arousal","HALV","DL:UR","no"
"sexFemale","appearanceNo","appearanceNo","false","arousal","HALV","DR:UL","no"
"sexFemale","appearanceNo","appearanceNo","false","arousal","HALV","DR:UR","yes negative"
"sexFemale","appearanceNo","appearanceNo","false","arousal","HALV","UL:UR","yes positive"
"sexFemale","appearanceNo","appearanceNo","false","arousal","LALV","DL:DR","no"
"sexFemale","appearanceNo","appearanceNo","false","arousal","LALV","DL:UL","no"
"sexFemale","appearanceNo","appearanceNo","false","arousal","LALV","DL:UR","no"
"sexFemale","appearanceNo","appearanceNo","false","arousal","LALV","DR:UL","no"
"sexFemale","appearanceNo","appearanceNo","false","arousal","LALV","DR:UR","no"
"sexFemale","appearanceNo","appearanceNo","false","arousal","LALV","UL:UR","yes positive"
"sexFemale","appearanceNo","appearanceNo","false","arousal","All","DL:DR","yes positive"
"sexFemale","appearanceNo","appearanceNo","false","arousal","All","DL:UL","no"
"sexFemale","appearanceNo","appearanceNo","false","arousal","All","DL:UR","no"
"sexFemale","appearanceNo","appearanceNo","false","arousal","All","DR:UL","no"
"sexFemale","appearanceNo","appearanceNo","false","arousal","All","DR:UR","no"
"sexFemale","appearanceNo","appearanceNo","false","arousal","All","UL:UR","yes positive"
"sexFemale","appearanceNo","appearanceNo","false","valence","HAHV","DL:DR","yes negative"
"sexFemale","appearanceNo","appearanceNo","false","valence","HAHV","DR:UR","no"
"sexFemale","appearanceNo","appearanceNo","false","valence","LAHV","DL:DR","yes positive"
"sexFemale","appearanceNo","appearanceNo","false","valence","LAHV","DL:UL","no"
"sexFemale","appearanceNo","appearanceNo","false","valence","LAHV","DL:UR","no"
"sexFemale","appearanceNo","appearanceNo","false","valence","LAHV","DR:UL","yes positive"
"sexFemale","appearanceNo","appearanceNo","false","valence","LAHV","DR:UR","yes positive"
"sexFemale","appearanceNo","appearanceNo","false","valence","LAHV","UL:UR","yes positive"
"sexFemale","appearanceNo","appearanceNo","false","valence","HALV","DL:DR","yes positive"
"sexFemale","appearanceNo","appearanceNo","false","valence","HALV","DL:UL","yes negative"
"sexFemale","appearanceNo","appearanceNo","false","valence","HALV","DL:UR","no"
"sexFemale","appearanceNo","appearanceNo","false","valence","HALV","DR:UL","no"
"sexFemale","appearanceNo","appearanceNo","false","valence","HALV","DR:UR","yes negative"
"sexFemale","appearanceNo","appearanceNo","false","valence","HALV","UL:UR","no"
"sexFemale","appearanceNo","appearanceNo","false","valence","LALV","DL:DR","no"
"sexFemale","appearanceNo","appearanceNo","false","valence","LALV","DL:UL","no"
"sexFemale","appearanceNo","appearanceNo","false","valence","LALV","DL:UR","no"
"sexFemale","appearanceNo","appearanceNo","false","valence","LALV","DR:UL","no"
"sexFemale","appearanceNo","appearanceNo","false","valence","LALV","DR:UR","no"
"sexFemale","appearanceNo","appearanceNo","false","valence","LALV","UL:UR","yes positive"
"sexFemale","appearanceNo","appearanceNo","false","valence","All","DL:DR","no"
"sexFemale","appearanceNo","appearanceNo","false","valence","All","DL:UL","no"
"sexFemale","appearanceNo","appearanceNo","false","valence","All","DL:UR","no"
"sexFemale","appearanceNo","appearanceNo","false","valence","All","DR:UL","no"
"sexFemale","appearanceNo","appearanceNo","false","valence","All","DR:UR","no"
"sexFemale","appearanceNo","appearanceNo","false","valence","All","UL:UR","yes positive"
"sexMale","appearanceHeavy","appearanceSome","false","arousal","HALV","DL:DR","yes positive"
"sexMale","appearanceHeavy","appearanceSome","false","arousal","HALV","DL:UR","yes positive"
"sexMale","appearanceHeavy","appearanceSome","false","arousal","HALV","DR:UL","no"
"sexMale","appearanceHeavy","appearanceSome","false","arousal","HALV","DR:UR","yes negative"
"sexMale","appearanceHeavy","appearanceSome","false","arousal","HALV","UL:UR","no"
"sexMale","appearanceHeavy","appearanceSome","false","arousal","LALV","DL:DR","yes positive"
"sexMale","appearanceHeavy","appearanceSome","false","arousal","LALV","DL:UL","no"
"sexMale","appearanceHeavy","appearanceSome","false","arousal","LALV","DL:UR","no"
"sexMale","appearanceHeavy","appearanceSome","false","arousal","LALV","DR:UL","no"
"sexMale","appearanceHeavy","appearanceSome","false","arousal","LALV","DR:UR","no"
"sexMale","appearanceHeavy","appearanceSome","false","arousal","LALV","UL:UR","yes positive"
"sexMale","appearanceHeavy","appearanceSome","false","arousal","All","DL:DR","yes positive"
"sexMale","appearanceHeavy","appearanceSome","false","arousal","All","DL:UL","no"
"sexMale","appearanceHeavy","appearanceSome","false","arousal","All","DL:UR","no"
"sexMale","appearanceHeavy","appearanceSome","false","arousal","All","DR:UL","no"
"sexMale","appearanceHeavy","appearanceSome","false","arousal","All","DR:UR","no"
"sexMale","appearanceHeavy","appearanceSome","false","arousal","All","UL:UR","yes positive"
"sexMale","appearanceHeavy","appearanceSome","false","arousal","LAHV","DL:DR","yes positive"
"sexMale","appearanceHeavy","appearanceSome","false","arousal","LAHV","DL:UL","yes positive"
"sexMale","appearanceHeavy","appearanceSome","false","arousal","LAHV","DL:UR","yes positive"
"sexMale","appearanceHeavy","appearanceSome","false","arousal","LAHV","DR:UR","yes negative"
"sexMale","appearanceHeavy","appearanceSome","false","arousal","LAHV","UL:UR","yes positive"
"sexMale","appearanceHeavy","appearanceSome","false","valence","HALV","DL:DR","no"
"sexMale","appearanceHeavy","appearanceSome","false","valence","HALV","DL:UR","yes negative"
"sexMale","appearanceHeavy","appearanceSome","false","valence","HALV","DR:UL","yes positive"
"sexMale","appearanceHeavy","appearanceSome","false","valence","HALV","DR:UR","yes positive"
"sexMale","appearanceHeavy","appearanceSome","false","valence","HALV","UL:UR","yes positive"
"sexMale","appearanceHeavy","appearanceSome","false","valence","LALV","DL:DR","yes positive"
"sexMale","appearanceHeavy","appearanceSome","false","valence","LALV","DL:UL","yes positive"
"sexMale","appearanceHeavy","appearanceSome","false","valence","LALV","DL:UR","yes positive"
"sexMale","appearanceHeavy","appearanceSome","false","valence","LALV","DR:UL","no"
"sexMale","appearanceHeavy","appearanceSome","false","valence","LALV","DR:UR","no"
"sexMale","appearanceHeavy","appearanceSome","false","valence","LALV","UL:UR","yes positive"
"sexMale","appearanceHeavy","appearanceSome","false","valence","All","DL:DR","yes positive"
"sexMale","appearanceHeavy","appearanceSome","false","valence","All","DL:UL","yes positive"
"sexMale","appearanceHeavy","appearanceSome","false","valence","All","DL:UR","yes positive"
"sexMale","appearanceHeavy","appearanceSome","false","valence","All","DR:UL","no"
"sexMale","appearanceHeavy","appearanceSome","false","valence","All","DR:UR","no"
"sexMale","appearanceHeavy","appearanceSome","false","valence","All","UL:UR","yes positive"
"sexMale","appearanceHeavy","appearanceSome","false","valence","LAHV","DL:DR","no"
"sexMale","appearanceHeavy","appearanceSome","false","valence","LAHV","DL:UL","no"
"sexMale","appearanceHeavy","appearanceSome","false","valence","LAHV","DL:UR","yes negative"
"sexMale","appearanceHeavy","appearanceSome","false","valence","LAHV","DR:UR","no"
"sexMale","appearanceHeavy","appearanceSome","false","valence","LAHV","UL:UR","no"
"sexMale","appearanceSome","appearanceSome","true","arousal","HAHV","DL:DR","yes positive"
"sexMale","appearanceSome","appearanceSome","true","arousal","HAHV","DR:UL","yes positive"
"sexMale","appearanceSome","appearanceSome","true","arousal","LAHV","DL:DR","yes positive"
"sexMale","appearanceSome","appearanceSome","true","arousal","LAHV","DL:UL","no"
"sexMale","appearanceSome","appearanceSome","true","arousal","LAHV","DL:UR","no"
"sexMale","appearanceSome","appearanceSome","true","arousal","LAHV","DR:UL","no"
"sexMale","appearanceSome","appearanceSome","true","arousal","LAHV","DR:UR","yes positive"
"sexMale","appearanceSome","appearanceSome","true","arousal","LAHV","UL:UR","yes positive"
"sexMale","appearanceSome","appearanceSome","true","arousal","HALV","DL:DR","yes positive"
"sexMale","appearanceSome","appearanceSome","true","arousal","HALV","DR:UR","yes negative"
"sexMale","appearanceSome","appearanceSome","true","arousal","HALV","UL:UR","yes positive"
"sexMale","appearanceSome","appearanceSome","true","arousal","LALV","DL:DR","no"
"sexMale","appearanceSome","appearanceSome","true","arousal","LALV","DL:UL","no"
"sexMale","appearanceSome","appearanceSome","true","arousal","LALV","DL:UR","no"
"sexMale","appearanceSome","appearanceSome","true","arousal","LALV","DR:UL","no"
"sexMale","appearanceSome","appearanceSome","true","arousal","LALV","DR:UR","no"
"sexMale","appearanceSome","appearanceSome","true","arousal","LALV","UL:UR","yes positive"
"sexMale","appearanceSome","appearanceSome","true","arousal","All","DL:DR","yes positive"
"sexMale","appearanceSome","appearanceSome","true","arousal","All","DL:UL","no"
"sexMale","appearanceSome","appearanceSome","true","arousal","All","DL:UR","no"
"sexMale","appearanceSome","appearanceSome","true","arousal","All","DR:UL","yes positive"
"sexMale","appearanceSome","appearanceSome","true","arousal","All","DR:UR","yes positive"
"sexMale","appearanceSome","appearanceSome","true","arousal","All","UL:UR","yes positive"
"sexMale","appearanceSome","appearanceSome","true","valence","HAHV","DL:DR","yes positive"
"sexMale","appearanceSome","appearanceSome","true","valence","HAHV","DR:UL","yes positive"
"sexMale","appearanceSome","appearanceSome","true","valence","LAHV","DL:DR","yes positive"
"sexMale","appearanceSome","appearanceSome","true","valence","LAHV","DL:UL","yes positive"
"sexMale","appearanceSome","appearanceSome","true","valence","LAHV","DL:UR","yes positive"
"sexMale","appearanceSome","appearanceSome","true","valence","LAHV","DR:UL","yes positive"
"sexMale","appearanceSome","appearanceSome","true","valence","LAHV","DR:UR","yes positive"
"sexMale","appearanceSome","appearanceSome","true","valence","LAHV","UL:UR","yes positive"
"sexMale","appearanceSome","appearanceSome","true","valence","HALV","DL:DR","no"
"sexMale","appearanceSome","appearanceSome","true","valence","HALV","DR:UR","yes negative"
"sexMale","appearanceSome","appearanceSome","true","valence","HALV","UL:UR","yes positive"
"sexMale","appearanceSome","appearanceSome","true","valence","LALV","DL:DR","no"
"sexMale","appearanceSome","appearanceSome","true","valence","LALV","DL:UL","yes positive"
"sexMale","appearanceSome","appearanceSome","true","valence","LALV","DL:UR","yes positive"
"sexMale","appearanceSome","appearanceSome","true","valence","LALV","DR:UL","no"
"sexMale","appearanceSome","appearanceSome","true","valence","LALV","DR:UR","no"
"sexMale","appearanceSome","appearanceSome","true","valence","LALV","UL:UR","yes positive"
"sexMale","appearanceSome","appearanceSome","true","valence","All","DL:DR","yes positive"
"sexMale","appearanceSome","appearanceSome","true","valence","All","DL:UL","yes positive"
"sexMale","appearanceSome","appearanceSome","true","valence","All","DL:UR","yes positive"
"sexMale","appearanceSome","appearanceSome","true","valence","All","DR:UL","no"
"sexMale","appearanceSome","appearanceSome","true","valence","All","DR:UR","no"
"sexMale","appearanceSome","appearanceSome","true","valence","All","UL:UR","yes positive"
"sexMale","appearanceNo","appearanceNo","true","arousal","HAHV","DL:DR","yes positive"
"sexMale","appearanceNo","appearanceNo","true","arousal","HAHV","DL:UL","yes positive"
"sexMale","appearanceNo","appearanceNo","true","arousal","HAHV","DR:UL","yes negative"
"sexMale","appearanceNo","appearanceNo","true","arousal","HAHV","UL:UR","yes positive"
"sexMale","appearanceNo","appearanceNo","true","arousal","LAHV","DL:DR","yes positive"
"sexMale","appearanceNo","appearanceNo","true","arousal","LAHV","DL:UL","no"
"sexMale","appearanceNo","appearanceNo","true","arousal","LAHV","DL:UR","no"
"sexMale","appearanceNo","appearanceNo","true","arousal","LAHV","DR:UL","no"
"sexMale","appearanceNo","appearanceNo","true","arousal","LAHV","DR:UR","no"
"sexMale","appearanceNo","appearanceNo","true","arousal","LAHV","UL:UR","yes positive"
"sexMale","appearanceNo","appearanceNo","true","arousal","HALV","DL:DR","no"
"sexMale","appearanceNo","appearanceNo","true","arousal","HALV","DL:UL","yes negative"
"sexMale","appearanceNo","appearanceNo","true","arousal","HALV","DL:UR","yes negative"
"sexMale","appearanceNo","appearanceNo","true","arousal","HALV","DR:UL","yes positive"
"sexMale","appearanceNo","appearanceNo","true","arousal","HALV","DR:UR","yes negative"
"sexMale","appearanceNo","appearanceNo","true","arousal","HALV","UL:UR","yes positive"
"sexMale","appearanceNo","appearanceNo","true","arousal","LALV","DL:DR","yes positive"
"sexMale","appearanceNo","appearanceNo","true","arousal","LALV","DL:UL","no"
"sexMale","appearanceNo","appearanceNo","true","arousal","LALV","DL:UR","no"
"sexMale","appearanceNo","appearanceNo","true","arousal","LALV","DR:UL","yes positive"
"sexMale","appearanceNo","appearanceNo","true","arousal","LALV","DR:UR","no"
"sexMale","appearanceNo","appearanceNo","true","arousal","LALV","UL:UR","yes positive"
"sexMale","appearanceNo","appearanceNo","true","arousal","All","DL:DR","yes positive"
"sexMale","appearanceNo","appearanceNo","true","arousal","All","DL:UL","yes positive"
"sexMale","appearanceNo","appearanceNo","true","arousal","All","DL:UR","yes positive"
"sexMale","appearanceNo","appearanceNo","true","arousal","All","DR:UL","yes positive"
"sexMale","appearanceNo","appearanceNo","true","arousal","All","DR:UR","no"
"sexMale","appearanceNo","appearanceNo","true","arousal","All","UL:UR","yes positive"
"sexMale","appearanceNo","appearanceNo","true","valence","HAHV","DL:DR","yes negative"
"sexMale","appearanceNo","appearanceNo","true","valence","HAHV","DL:UL","no"
"sexMale","appearanceNo","appearanceNo","true","valence","HAHV","DR:UL","yes positive"
"sexMale","appearanceNo","appearanceNo","true","valence","HAHV","UL:UR","yes positive"
"sexMale","appearanceNo","appearanceNo","true","valence","LAHV","DL:DR","yes positive"
"sexMale","appearanceNo","appearanceNo","true","valence","LAHV","DL:UL","yes positive"
"sexMale","appearanceNo","appearanceNo","true","valence","LAHV","DL:UR","no"
"sexMale","appearanceNo","appearanceNo","true","valence","LAHV","DR:UL","yes positive"
"sexMale","appearanceNo","appearanceNo","true","valence","LAHV","DR:UR","no"
"sexMale","appearanceNo","appearanceNo","true","valence","LAHV","UL:UR","yes positive"
"sexMale","appearanceNo","appearanceNo","true","valence","HALV","DL:DR","yes negative"
"sexMale","appearanceNo","appearanceNo","true","valence","HALV","DL:UL","yes positive"
"sexMale","appearanceNo","appearanceNo","true","valence","HALV","DL:UR","yes positive"
"sexMale","appearanceNo","appearanceNo","true","valence","HALV","DR:UL","no"
"sexMale","appearanceNo","appearanceNo","true","valence","HALV","DR:UR","yes negative"
"sexMale","appearanceNo","appearanceNo","true","valence","HALV","UL:UR","no"
"sexMale","appearanceNo","appearanceNo","true","valence","LALV","DL:DR","yes positive"
"sexMale","appearanceNo","appearanceNo","true","valence","LALV","DL:UL","no"
"sexMale","appearanceNo","appearanceNo","true","valence","LALV","DL:UR","no"
"sexMale","appearanceNo","appearanceNo","true","valence","LALV","DR:UL","no"
"sexMale","appearanceNo","appearanceNo","true","valence","LALV","DR:UR","no"
"sexMale","appearanceNo","appearanceNo","true","valence","LALV","UL:UR","yes positive"
"sexMale","appearanceNo","appearanceNo","true","valence","All","DL:DR","yes positive"
"sexMale","appearanceNo","appearanceNo","true","valence","All","DL:UL","no"
"sexMale","appearanceNo","appearanceNo","true","valence","All","DL:UR","no"
"sexMale","appearanceNo","appearanceNo","true","valence","All","DR:UL","yes positive"
"sexMale","appearanceNo","appearanceNo","true","valence","All","DR:UR","yes positive"
"sexMale","appearanceNo","appearanceNo","true","valence","All","UL:UR","yes positive"
"sexFemale","appearanceNo","appearanceNo","false","arousal","HAHV","DL:DR","yes positive"
"sexFemale","appearanceNo","appearanceNo","false","arousal","HAHV","DL:UL","no"
"sexFemale","appearanceNo","appearanceNo","false","arousal","HAHV","DL:UR","yes positive"
"sexFemale","appearanceNo","appearanceNo","false","arousal","HAHV","DR:UL","yes positive"
"sexFemale","appearanceNo","appearanceNo","false","arousal","HAHV","DR:UR","yes positive"
"sexFemale","appearanceNo","appearanceNo","false","arousal","HAHV","UL:UR","yes positive"
"sexFemale","appearanceNo","appearanceNo","false","arousal","LAHV","DL:DR","yes positive"
"sexFemale","appearanceNo","appearanceNo","false","arousal","LAHV","DL:UL","no"
"sexFemale","appearanceNo","appearanceNo","false","arousal","LAHV","DL:UR","no"
"sexFemale","appearanceNo","appearanceNo","false","arousal","LAHV","DR:UL","no"
"sexFemale","appearanceNo","appearanceNo","false","arousal","LAHV","DR:UR","no"
"sexFemale","appearanceNo","appearanceNo","false","arousal","LAHV","UL:UR","yes positive"
"sexFemale","appearanceNo","appearanceNo","false","arousal","HALV","DL:DR","no"
"sexFemale","appearanceNo","appearanceNo","false","arousal","HALV","DL:UL","yes negative"
"sexFemale","appearanceNo","appearanceNo","false","arousal","HALV","DL:UR","yes positive"
"sexFemale","appearanceNo","appearanceNo","false","arousal","HALV","DR:UL","yes negative"
"sexFemale","appearanceNo","appearanceNo","false","arousal","HALV","DR:UR","yes negative"
"sexFemale","appearanceNo","appearanceNo","false","arousal","HALV","UL:UR","no"
"sexFemale","appearanceNo","appearanceNo","false","arousal","LALV","DL:DR","yes positive"
"sexFemale","appearanceNo","appearanceNo","false","arousal","LALV","DL:UL","no"
"sexFemale","appearanceNo","appearanceNo","false","arousal","LALV","DL:UR","no"
"sexFemale","appearanceNo","appearanceNo","false","arousal","LALV","DR:UL","no"
"sexFemale","appearanceNo","appearanceNo","false","arousal","LALV","DR:UR","no"
"sexFemale","appearanceNo","appearanceNo","false","arousal","LALV","UL:UR","yes positive"
"sexFemale","appearanceNo","appearanceNo","false","arousal","All","DL:DR","yes positive"
"sexFemale","appearanceNo","appearanceNo","false","arousal","All","DL:UL","no"
"sexFemale","appearanceNo","appearanceNo","false","arousal","All","DL:UR","no"
"sexFemale","appearanceNo","appearanceNo","false","arousal","All","DR:UL","no"
"sexFemale","appearanceNo","appearanceNo","false","arousal","All","DR:UR","no"
"sexFemale","appearanceNo","appearanceNo","false","arousal","All","UL:UR","yes positive"
"sexFemale","appearanceNo","appearanceNo","false","valence","HAHV","DL:DR","yes positive"
"sexFemale","appearanceNo","appearanceNo","false","valence","HAHV","DL:UL","yes positive"
"sexFemale","appearanceNo","appearanceNo","false","valence","HAHV","DL:UR","yes positive"
"sexFemale","appearanceNo","appearanceNo","false","valence","HAHV","DR:UL","yes positive"
"sexFemale","appearanceNo","appearanceNo","false","valence","HAHV","DR:UR","yes positive"
"sexFemale","appearanceNo","appearanceNo","false","valence","HAHV","UL:UR","yes positive"
"sexFemale","appearanceNo","appearanceNo","false","valence","LAHV","DL:DR","yes positive"
"sexFemale","appearanceNo","appearanceNo","false","valence","LAHV","DL:UL","no"
"sexFemale","appearanceNo","appearanceNo","false","valence","LAHV","DL:UR","yes positive"
"sexFemale","appearanceNo","appearanceNo","false","valence","LAHV","DR:UL","no"
"sexFemale","appearanceNo","appearanceNo","false","valence","LAHV","DR:UR","no"
"sexFemale","appearanceNo","appearanceNo","false","valence","LAHV","UL:UR","yes positive"
"sexFemale","appearanceNo","appearanceNo","false","valence","HALV","DL:DR","yes positive"
"sexFemale","appearanceNo","appearanceNo","false","valence","HALV","DL:UL","no"
"sexFemale","appearanceNo","appearanceNo","false","valence","HALV","DL:UR","no"
"sexFemale","appearanceNo","appearanceNo","false","valence","HALV","DR:UL","yes positive"
"sexFemale","appearanceNo","appearanceNo","false","valence","HALV","DR:UR","yes negative"
"sexFemale","appearanceNo","appearanceNo","false","valence","HALV","UL:UR","no"
"sexFemale","appearanceNo","appearanceNo","false","valence","LALV","DL:DR","yes positive"
"sexFemale","appearanceNo","appearanceNo","false","valence","LALV","DL:UL","no"
"sexFemale","appearanceNo","appearanceNo","false","valence","LALV","DL:UR","no"
"sexFemale","appearanceNo","appearanceNo","false","valence","LALV","DR:UL","no"
"sexFemale","appearanceNo","appearanceNo","false","valence","LALV","DR:UR","no"
"sexFemale","appearanceNo","appearanceNo","false","valence","LALV","UL:UR","yes positive"
"sexFemale","appearanceNo","appearanceNo","false","valence","All","DL:DR","yes positive"
"sexFemale","appearanceNo","appearanceNo","false","valence","All","DL:UL","no"
"sexFemale","appearanceNo","appearanceNo","false","valence","All","DL:UR","no"
"sexFemale","appearanceNo","appearanceNo","false","valence","All","DR:UL","no"
"sexFemale","appearanceNo","appearanceNo","false","valence","All","DR:UR","no"
"sexFemale","appearanceNo","appearanceNo","false","valence","All","UL:UR","yes positive"
"sexFemale","appearanceNo","appearanceNo","false","arousal","HAHV","UL:UR","yes negative"
"sexFemale","appearanceNo","appearanceNo","false","arousal","LAHV","DL:DR","no"
"sexFemale","appearanceNo","appearanceNo","false","arousal","LAHV","DL:UL","no"
"sexFemale","appearanceNo","appearanceNo","false","arousal","LAHV","DL:UR","yes positive"
"sexFemale","appearanceNo","appearanceNo","false","arousal","LAHV","DR:UL","no"
"sexFemale","appearanceNo","appearanceNo","false","arousal","LAHV","DR:UR","no"
"sexFemale","appearanceNo","appearanceNo","false","arousal","LAHV","UL:UR","no"
"sexFemale","appearanceNo","appearanceNo","false","arousal","HALV","DL:DR","no"
"sexFemale","appearanceNo","appearanceNo","false","arousal","HALV","DL:UL","no"
"sexFemale","appearanceNo","appearanceNo","false","arousal","HALV","DL:UR","no"
"sexFemale","appearanceNo","appearanceNo","false","arousal","HALV","DR:UL","yes positive"
"sexFemale","appearanceNo","appearanceNo","false","arousal","HALV","DR:UR","yes positive"
"sexFemale","appearanceNo","appearanceNo","false","arousal","HALV","UL:UR","yes positive"
"sexFemale","appearanceNo","appearanceNo","false","arousal","LALV","DL:DR","no"
"sexFemale","appearanceNo","appearanceNo","false","arousal","LALV","DL:UL","no"
"sexFemale","appearanceNo","appearanceNo","false","arousal","LALV","DL:UR","no"
"sexFemale","appearanceNo","appearanceNo","false","arousal","LALV","DR:UL","no"
"sexFemale","appearanceNo","appearanceNo","false","arousal","LALV","DR:UR","no"
"sexFemale","appearanceNo","appearanceNo","false","arousal","LALV","UL:UR","no"
"sexFemale","appearanceNo","appearanceNo","false","arousal","All","DL:DR","no"
"sexFemale","appearanceNo","appearanceNo","false","arousal","All","DL:UL","no"
"sexFemale","appearanceNo","appearanceNo","false","arousal","All","DL:UR","no"
"sexFemale","appearanceNo","appearanceNo","false","arousal","All","DR:UL","no"
"sexFemale","appearanceNo","appearanceNo","false","arousal","All","DR:UR","no"
"sexFemale","appearanceNo","appearanceNo","false","arousal","All","UL:UR","yes positive"
"sexFemale","appearanceNo","appearanceNo","false","valence","HAHV","UL:UR","yes positive"
"sexFemale","appearanceNo","appearanceNo","false","valence","LAHV","DL:DR","no"
"sexFemale","appearanceNo","appearanceNo","false","valence","LAHV","DL:UL","no"
"sexFemale","appearanceNo","appearanceNo","false","valence","LAHV","DL:UR","yes negative"
"sexFemale","appearanceNo","appearanceNo","false","valence","LAHV","DR:UL","yes positive"
"sexFemale","appearanceNo","appearanceNo","false","valence","LAHV","DR:UR","no"
"sexFemale","appearanceNo","appearanceNo","false","valence","LAHV","UL:UR","yes positive"
"sexFemale","appearanceNo","appearanceNo","false","valence","HALV","DL:DR","yes positive"
"sexFemale","appearanceNo","appearanceNo","false","valence","HALV","DL:UL","no"
"sexFemale","appearanceNo","appearanceNo","false","valence","HALV","DL:UR","no"
"sexFemale","appearanceNo","appearanceNo","false","valence","HALV","DR:UL","no"
"sexFemale","appearanceNo","appearanceNo","false","valence","HALV","DR:UR","no"
"sexFemale","appearanceNo","appearanceNo","false","valence","HALV","UL:UR","yes positive"
"sexFemale","appearanceNo","appearanceNo","false","valence","LALV","DL:DR","no"
"sexFemale","appearanceNo","appearanceNo","false","valence","LALV","DL:UL","no"
"sexFemale","appearanceNo","appearanceNo","false","valence","LALV","DL:UR","no"
"sexFemale","appearanceNo","appearanceNo","false","valence","LALV","DR:UL","no"
"sexFemale","appearanceNo","appearanceNo","false","valence","LALV","DR:UR","no"
"sexFemale","appearanceNo","appearanceNo","false","valence","LALV","UL:UR","yes positive"
"sexFemale","appearanceNo","appearanceNo","false","valence","All","DL:DR","no"
"sexFemale","appearanceNo","appearanceNo","false","valence","All","DL:UL","no"
"sexFemale","appearanceNo","appearanceNo","false","valence","All","DL:UR","no"
"sexFemale","appearanceNo","appearanceNo","false","valence","All","DR:UL","no"
"sexFemale","appearanceNo","appearanceNo","false","valence","All","DR:UR","no"
"sexFemale","appearanceNo","appearanceNo","false","valence","All","UL:UR","yes positive"
"sexFemale","appearanceNo","appearanceNo","false","arousal","LAHV","DL:DR","no"
"sexFemale","appearanceNo","appearanceNo","false","arousal","LAHV","DL:UL","no"
"sexFemale","appearanceNo","appearanceNo","false","arousal","LAHV","DL:UR","yes negative"
"sexFemale","appearanceNo","appearanceNo","false","arousal","LAHV","DR:UL","no"
"sexFemale","appearanceNo","appearanceNo","false","arousal","LAHV","DR:UR","no"
"sexFemale","appearanceNo","appearanceNo","false","arousal","LAHV","UL:UR","yes positive"
"sexFemale","appearanceNo","appearanceNo","false","arousal","HALV","DL:DR","yes positive"
"sexFemale","appearanceNo","appearanceNo","false","arousal","HALV","DL:UL","no"
"sexFemale","appearanceNo","appearanceNo","false","arousal","HALV","DL:UR","no"
"sexFemale","appearanceNo","appearanceNo","false","arousal","HALV","DR:UL","yes positive"
"sexFemale","appearanceNo","appearanceNo","false","arousal","HALV","DR:UR","yes positive"
"sexFemale","appearanceNo","appearanceNo","false","arousal","HALV","UL:UR","no"
"sexFemale","appearanceNo","appearanceNo","false","arousal","LALV","DL:DR","yes positive"
"sexFemale","appearanceNo","appearanceNo","false","arousal","LALV","DL:UL","no"
"sexFemale","appearanceNo","appearanceNo","false","arousal","LALV","DL:UR","no"
"sexFemale","appearanceNo","appearanceNo","false","arousal","LALV","DR:UL","no"
"sexFemale","appearanceNo","appearanceNo","false","arousal","LALV","DR:UR","no"
"sexFemale","appearanceNo","appearanceNo","false","arousal","LALV","UL:UR","no"
"sexFemale","appearanceNo","appearanceNo","false","arousal","All","DL:DR","yes positive"
"sexFemale","appearanceNo","appearanceNo","false","arousal","All","DL:UL","no"
"sexFemale","appearanceNo","appearanceNo","false","arousal","All","DL:UR","no"
"sexFemale","appearanceNo","appearanceNo","false","arousal","All","DR:UL","no"
"sexFemale","appearanceNo","appearanceNo","false","arousal","All","DR:UR","no"
"sexFemale","appearanceNo","appearanceNo","false","arousal","All","UL:UR","yes positive"
"sexFemale","appearanceNo","appearanceNo","false","valence","LAHV","DL:DR","yes positive"
"sexFemale","appearanceNo","appearanceNo","false","valence","LAHV","DL:UL","no"
"sexFemale","appearanceNo","appearanceNo","false","valence","LAHV","DL:UR","yes positive"
"sexFemale","appearanceNo","appearanceNo","false","valence","LAHV","DR:UL","yes positive"
"sexFemale","appearanceNo","appearanceNo","false","valence","LAHV","DR:UR","yes positive"
"sexFemale","appearanceNo","appearanceNo","false","valence","LAHV","UL:UR","yes positive"
"sexFemale","appearanceNo","appearanceNo","false","valence","HALV","DL:DR","yes positive"
"sexFemale","appearanceNo","appearanceNo","false","valence","HALV","DL:UL","yes negative"
"sexFemale","appearanceNo","appearanceNo","false","valence","HALV","DL:UR","yes negative"
"sexFemale","appearanceNo","appearanceNo","false","valence","HALV","DR:UL","yes negative"
"sexFemale","appearanceNo","appearanceNo","false","valence","HALV","DR:UR","yes negative"
"sexFemale","appearanceNo","appearanceNo","false","valence","HALV","UL:UR","yes positive"
"sexFemale","appearanceNo","appearanceNo","false","valence","LALV","DL:DR","yes positive"
"sexFemale","appearanceNo","appearanceNo","false","valence","LALV","DL:UL","no"
"sexFemale","appearanceNo","appearanceNo","false","valence","LALV","DL:UR","no"
"sexFemale","appearanceNo","appearanceNo","false","valence","LALV","DR:UL","no"
"sexFemale","appearanceNo","appearanceNo","false","valence","LALV","DR:UR","no"
"sexFemale","appearanceNo","appearanceNo","false","valence","LALV","UL:UR","yes positive"
"sexFemale","appearanceNo","appearanceNo","false","valence","All","DL:DR","yes positive"
"sexFemale","appearanceNo","appearanceNo","false","valence","All","DL:UL","no"
"sexFemale","appearanceNo","appearanceNo","false","valence","All","DL:UR","no"
"sexFemale","appearanceNo","appearanceNo","false","valence","All","DR:UL","no"
"sexFemale","appearanceNo","appearanceNo","false","valence","All","DR:UR","no"
"sexFemale","appearanceNo","appearanceNo","false","valence","All","UL:UR","yes positive"
"sexMale","appearanceSome","appearanceSome","false","arousal","HAHV","DL:UL","yes positive"
"sexMale","appearanceSome","appearanceSome","false","arousal","HAHV","DL:UR","yes positive"
"sexMale","appearanceSome","appearanceSome","false","arousal","HAHV","DR:UR","yes negative"
"sexMale","appearanceSome","appearanceSome","false","arousal","HAHV","UL:UR","yes positive"
"sexMale","appearanceSome","appearanceSome","false","arousal","LAHV","DL:DR","no"
"sexMale","appearanceSome","appearanceSome","false","arousal","LAHV","DL:UL","no"
"sexMale","appearanceSome","appearanceSome","false","arousal","LAHV","DL:UR","yes positive"
"sexMale","appearanceSome","appearanceSome","false","arousal","LAHV","DR:UL","no"
"sexMale","appearanceSome","appearanceSome","false","arousal","LAHV","DR:UR","yes negative"
"sexMale","appearanceSome","appearanceSome","false","arousal","LAHV","UL:UR","no"
"sexMale","appearanceSome","appearanceSome","false","arousal","HALV","DL:DR","no"
"sexMale","appearanceSome","appearanceSome","false","arousal","HALV","DL:UL","no"
"sexMale","appearanceSome","appearanceSome","false","arousal","HALV","DL:UR","no"
"sexMale","appearanceSome","appearanceSome","false","arousal","HALV","DR:UL","no"
"sexMale","appearanceSome","appearanceSome","false","arousal","HALV","DR:UR","no"
"sexMale","appearanceSome","appearanceSome","false","arousal","HALV","UL:UR","no"
"sexMale","appearanceSome","appearanceSome","false","arousal","LALV","DL:DR","no"
"sexMale","appearanceSome","appearanceSome","false","arousal","LALV","DL:UL","no"
"sexMale","appearanceSome","appearanceSome","false","arousal","LALV","DL:UR","no"
"sexMale","appearanceSome","appearanceSome","false","arousal","LALV","DR:UL","no"
"sexMale","appearanceSome","appearanceSome","false","arousal","LALV","DR:UR","no"
"sexMale","appearanceSome","appearanceSome","false","arousal","LALV","UL:UR","no"
"sexMale","appearanceSome","appearanceSome","false","arousal","All","DL:DR","no"
"sexMale","appearanceSome","appearanceSome","false","arousal","All","DL:UL","yes positive"
"sexMale","appearanceSome","appearanceSome","false","arousal","All","DL:UR","no"
"sexMale","appearanceSome","appearanceSome","false","arousal","All","DR:UL","no"
"sexMale","appearanceSome","appearanceSome","false","arousal","All","DR:UR","no"
"sexMale","appearanceSome","appearanceSome","false","arousal","All","UL:UR","yes positive"
"sexMale","appearanceSome","appearanceSome","false","valence","HAHV","DL:UL","yes positive"
"sexMale","appearanceSome","appearanceSome","false","valence","HAHV","DL:UR","no"
"sexMale","appearanceSome","appearanceSome","false","valence","HAHV","DR:UR","no"
"sexMale","appearanceSome","appearanceSome","false","valence","HAHV","UL:UR","yes negative"
"sexMale","appearanceSome","appearanceSome","false","valence","LAHV","DL:DR","yes negative"
"sexMale","appearanceSome","appearanceSome","false","valence","LAHV","DL:UL","no"
"sexMale","appearanceSome","appearanceSome","false","valence","LAHV","DL:UR","yes negative"
"sexMale","appearanceSome","appearanceSome","false","valence","LAHV","DR:UL","yes positive"
"sexMale","appearanceSome","appearanceSome","false","valence","LAHV","DR:UR","yes positive"
"sexMale","appearanceSome","appearanceSome","false","valence","LAHV","UL:UR","yes negative"
"sexMale","appearanceSome","appearanceSome","false","valence","HALV","DL:DR","yes positive"
"sexMale","appearanceSome","appearanceSome","false","valence","HALV","DL:UL","yes positive"
"sexMale","appearanceSome","appearanceSome","false","valence","HALV","DL:UR","no"
"sexMale","appearanceSome","appearanceSome","false","valence","HALV","DR:UL","no"
"sexMale","appearanceSome","appearanceSome","false","valence","HALV","DR:UR","no"
"sexMale","appearanceSome","appearanceSome","false","valence","HALV","UL:UR","no"
"sexMale","appearanceSome","appearanceSome","false","valence","LALV","DL:DR","yes positive"
"sexMale","appearanceSome","appearanceSome","false","valence","LALV","DL:UL","yes negative"
"sexMale","appearanceSome","appearanceSome","false","valence","LALV","DL:UR","no"
"sexMale","appearanceSome","appearanceSome","false","valence","LALV","DR:UL","no"
"sexMale","appearanceSome","appearanceSome","false","valence","LALV","DR:UR","no"
"sexMale","appearanceSome","appearanceSome","false","valence","LALV","UL:UR","yes positive"
"sexMale","appearanceSome","appearanceSome","false","valence","All","DL:DR","yes positive"
"sexMale","appearanceSome","appearanceSome","false","valence","All","DL:UL","no"
"sexMale","appearanceSome","appearanceSome","false","valence","All","DL:UR","no"
"sexMale","appearanceSome","appearanceSome","false","valence","All","DR:UL","no"
"sexMale","appearanceSome","appearanceSome","false","valence","All","DR:UR","no"
"sexMale","appearanceSome","appearanceSome","false","valence","All","UL:UR","no"
"sexMale","appearanceHeavy","appearanceSome","true","arousal","HAHV","DL:DR","yes positive"
"sexMale","appearanceHeavy","appearanceSome","true","arousal","HAHV","DL:UL","yes negative"
"sexMale","appearanceHeavy","appearanceSome","true","arousal","HAHV","DL:UR","no"
"sexMale","appearanceHeavy","appearanceSome","true","arousal","HAHV","DR:UL","yes negative"
"sexMale","appearanceHeavy","appearanceSome","true","arousal","HAHV","DR:UR","yes positive"
"sexMale","appearanceHeavy","appearanceSome","true","arousal","HAHV","UL:UR","yes positive"
"sexMale","appearanceHeavy","appearanceSome","true","arousal","LAHV","DL:DR","no"
"sexMale","appearanceHeavy","appearanceSome","true","arousal","LAHV","DL:UL","yes negative"
"sexMale","appearanceHeavy","appearanceSome","true","arousal","LAHV","DL:UR","yes positive"
"sexMale","appearanceHeavy","appearanceSome","true","arousal","LAHV","DR:UL","yes positive"
"sexMale","appearanceHeavy","appearanceSome","true","arousal","LAHV","DR:UR","yes positive"
"sexMale","appearanceHeavy","appearanceSome","true","arousal","LAHV","UL:UR","no"
"sexMale","appearanceHeavy","appearanceSome","true","arousal","HALV","DL:DR","no"
"sexMale","appearanceHeavy","appearanceSome","true","arousal","HALV","DL:UL","no"
"sexMale","appearanceHeavy","appearanceSome","true","arousal","HALV","DL:UR","yes positive"
"sexMale","appearanceHeavy","appearanceSome","true","arousal","HALV","DR:UL","no"
"sexMale","appearanceHeavy","appearanceSome","true","arousal","HALV","DR:UR","no"
"sexMale","appearanceHeavy","appearanceSome","true","arousal","HALV","UL:UR","yes positive"
"sexMale","appearanceHeavy","appearanceSome","true","arousal","LALV","DL:DR","yes positive"
"sexMale","appearanceHeavy","appearanceSome","true","arousal","LALV","DL:UL","no"
"sexMale","appearanceHeavy","appearanceSome","true","arousal","LALV","DL:UR","no"
"sexMale","appearanceHeavy","appearanceSome","true","arousal","LALV","DR:UL","no"
"sexMale","appearanceHeavy","appearanceSome","true","arousal","LALV","DR:UR","no"
"sexMale","appearanceHeavy","appearanceSome","true","arousal","LALV","UL:UR","yes positive"
"sexMale","appearanceHeavy","appearanceSome","true","valence","HAHV","DL:DR","yes positive"
"sexMale","appearanceHeavy","appearanceSome","true","valence","HAHV","DL:UL","yes positive"
"sexMale","appearanceHeavy","appearanceSome","true","valence","HAHV","DL:UR","yes positive"
"sexMale","appearanceHeavy","appearanceSome","true","valence","HAHV","DR:UL","yes positive"
"sexMale","appearanceHeavy","appearanceSome","true","valence","HAHV","DR:UR","yes positive"
"sexMale","appearanceHeavy","appearanceSome","true","valence","HAHV","UL:UR","yes positive"
"sexMale","appearanceHeavy","appearanceSome","true","valence","LAHV","DL:DR","yes negative"
"sexMale","appearanceHeavy","appearanceSome","true","valence","LAHV","DL:UL","no"
"sexMale","appearanceHeavy","appearanceSome","true","valence","LAHV","DL:UR","no"
"sexMale","appearanceHeavy","appearanceSome","true","valence","LAHV","DR:UL","yes positive"
"sexMale","appearanceHeavy","appearanceSome","true","valence","LAHV","DR:UR","no"
"sexMale","appearanceHeavy","appearanceSome","true","valence","LAHV","UL:UR","yes positive"
"sexMale","appearanceHeavy","appearanceSome","true","valence","HALV","DL:DR","yes positive"
"sexMale","appearanceHeavy","appearanceSome","true","valence","HALV","DL:UL","no"
"sexMale","appearanceHeavy","appearanceSome","true","valence","HALV","DL:UR","yes negative"
"sexMale","appearanceHeavy","appearanceSome","true","valence","HALV","DR:UL","no"
"sexMale","appearanceHeavy","appearanceSome","true","valence","HALV","DR:UR","no"
"sexMale","appearanceHeavy","appearanceSome","true","valence","HALV","UL:UR","yes positive"
"sexMale","appearanceHeavy","appearanceSome","true","valence","LALV","DL:DR","yes positive"
"sexMale","appearanceHeavy","appearanceSome","true","valence","LALV","DL:UL","no"
"sexMale","appearanceHeavy","appearanceSome","true","valence","LALV","DL:UR","no"
"sexMale","appearanceHeavy","appearanceSome","true","valence","LALV","DR:UL","no"
"sexMale","appearanceHeavy","appearanceSome","true","valence","LALV","DR:UR","yes negative"
"sexMale","appearanceHeavy","appearanceSome","true","valence","LALV","UL:UR","yes positive"
"sexMale","appearanceNo","appearanceNo","true","arousal","All","DL:DR","yes positive"
"sexMale","appearanceNo","appearanceNo","true","arousal","All","DL:UL","no"
"sexMale","appearanceNo","appearanceNo","true","arousal","All","DL:UR","no"
"sexMale","appearanceNo","appearanceNo","true","arousal","All","DR:UL","no"
"sexMale","appearanceNo","appearanceNo","true","arousal","All","DR:UR","no"
"sexMale","appearanceNo","appearanceNo","true","arousal","All","UL:UR","yes positive"
"sexMale","appearanceNo","appearanceNo","true","arousal","HAHV","DL:DR","yes negative"
"sexMale","appearanceNo","appearanceNo","true","arousal","HAHV","DL:UL","yes positive"
"sexMale","appearanceNo","appearanceNo","true","arousal","HAHV","DL:UR","no"
"sexMale","appearanceNo","appearanceNo","true","arousal","HAHV","DR:UL","no"
"sexMale","appearanceNo","appearanceNo","true","arousal","HAHV","DR:UR","no"
"sexMale","appearanceNo","appearanceNo","true","arousal","HAHV","UL:UR","yes positive"
"sexMale","appearanceNo","appearanceNo","true","arousal","LAHV","DL:DR","no"
"sexMale","appearanceNo","appearanceNo","true","arousal","LAHV","DL:UL","no"
"sexMale","appearanceNo","appearanceNo","true","arousal","LAHV","DL:UR","no"
"sexMale","appearanceNo","appearanceNo","true","arousal","LAHV","DR:UL","no"
"sexMale","appearanceNo","appearanceNo","true","arousal","LAHV","DR:UR","no"
"sexMale","appearanceNo","appearanceNo","true","arousal","LAHV","UL:UR","yes positive"
"sexMale","appearanceNo","appearanceNo","true","arousal","HALV","DL:DR","yes positive"
"sexMale","appearanceNo","appearanceNo","true","arousal","HALV","DL:UL","no"
"sexMale","appearanceNo","appearanceNo","true","arousal","HALV","DL:UR","yes positive"
"sexMale","appearanceNo","appearanceNo","true","arousal","HALV","DR:UL","yes negative"
"sexMale","appearanceNo","appearanceNo","true","arousal","HALV","DR:UR","no"
"sexMale","appearanceNo","appearanceNo","true","arousal","HALV","UL:UR","yes positive"
"sexMale","appearanceNo","appearanceNo","true","arousal","LALV","DL:DR","yes positive"
"sexMale","appearanceNo","appearanceNo","true","arousal","LALV","DL:UL","no"
"sexMale","appearanceNo","appearanceNo","true","arousal","LALV","DL:UR","no"
"sexMale","appearanceNo","appearanceNo","true","arousal","LALV","DR:UL","no"
"sexMale","appearanceNo","appearanceNo","true","arousal","LALV","DR:UR","no"
"sexMale","appearanceNo","appearanceNo","true","arousal","LALV","UL:UR","yes positive"
"sexMale","appearanceNo","appearanceNo","true","arousal","All","DL:DR","yes positive"
"sexMale","appearanceNo","appearanceNo","true","arousal","All","DL:UL","no"
"sexMale","appearanceNo","appearanceNo","true","arousal","All","DL:UR","no"
"sexMale","appearanceNo","appearanceNo","true","arousal","All","DR:UL","no"
"sexMale","appearanceNo","appearanceNo","true","arousal","All","DR:UR","no"
"sexMale","appearanceNo","appearanceNo","true","arousal","All","UL:UR","yes positive"
"sexMale","appearanceNo","appearanceNo","true","valence","All","DL:DR","yes positive"
"sexMale","appearanceNo","appearanceNo","true","valence","All","DL:UL","yes positive"
"sexMale","appearanceNo","appearanceNo","true","valence","All","DL:UR","yes positive"
"sexMale","appearanceNo","appearanceNo","true","valence","All","DR:UL","yes positive"
"sexMale","appearanceNo","appearanceNo","true","valence","All","DR:UR","yes positive"
"sexMale","appearanceNo","appearanceNo","true","valence","All","UL:UR","yes positive"
"sexMale","appearanceNo","appearanceNo","true","valence","HAHV","DL:DR","yes positive"
"sexMale","appearanceNo","appearanceNo","true","valence","HAHV","DL:UL","no"
"sexMale","appearanceNo","appearanceNo","true","valence","HAHV","DL:UR","no"
"sexMale","appearanceNo","appearanceNo","true","valence","HAHV","DR:UL","no"
"sexMale","appearanceNo","appearanceNo","true","valence","HAHV","DR:UR","yes positive"
"sexMale","appearanceNo","appearanceNo","true","valence","HAHV","UL:UR","yes positive"
"sexMale","appearanceNo","appearanceNo","true","valence","LAHV","DL:DR","yes positive"
"sexMale","appearanceNo","appearanceNo","true","valence","LAHV","DL:UL","no"
"sexMale","appearanceNo","appearanceNo","true","valence","LAHV","DL:UR","no"
"sexMale","appearanceNo","appearanceNo","true","valence","LAHV","DR:UL","no"
"sexMale","appearanceNo","appearanceNo","true","valence","LAHV","DR:UR","no"
"sexMale","appearanceNo","appearanceNo","true","valence","LAHV","UL:UR","yes positive"
"sexMale","appearanceNo","appearanceNo","true","valence","HALV","DL:DR","yes positive"
"sexMale","appearanceNo","appearanceNo","true","valence","HALV","DL:UL","no"
"sexMale","appearanceNo","appearanceNo","true","valence","HALV","DL:UR","yes positive"
"sexMale","appearanceNo","appearanceNo","true","valence","HALV","DR:UL","yes negative"
"sexMale","appearanceNo","appearanceNo","true","valence","HALV","DR:UR","yes negative"
"sexMale","appearanceNo","appearanceNo","true","valence","HALV","UL:UR","yes positive"
"sexMale","appearanceNo","appearanceNo","true","valence","LALV","DL:DR","yes positive"
"sexMale","appearanceNo","appearanceNo","true","valence","LALV","DL:UL","no"
"sexMale","appearanceNo","appearanceNo","true","valence","LALV","DL:UR","no"
"sexMale","appearanceNo","appearanceNo","true","valence","LALV","DR:UL","no"
"sexMale","appearanceNo","appearanceNo","true","valence","LALV","DR:UR","no"
"sexMale","appearanceNo","appearanceNo","true","valence","LALV","UL:UR","yes positive"
"sexMale","appearanceNo","appearanceNo","true","valence","All","DL:DR","yes positive"
"sexMale","appearanceNo","appearanceNo","true","valence","All","DL:UL","yes positive"
"sexMale","appearanceNo","appearanceNo","true","valence","All","DL:UR","yes positive"
"sexMale","appearanceNo","appearanceNo","true","valence","All","DR:UL","yes positive"
"sexMale","appearanceNo","appearanceNo","true","valence","All","DR:UR","yes positive"
"sexMale","appearanceNo","appearanceNo","true","valence","All","UL:UR","yes positive"
