"Rule","Record count","Number of correct"
"range = HAHV AND cameraLocation = DL:DR => strong positive",12,6
"range = LAHV AND cameraLocation = DL:DR => no",20,7
"range = HALV AND cameraLocation = DL:DR => no",20,8
"hasBeardValue = appearanceNo AND range = LALV AND cameraLocation = DL:DR => moderate positive",12,7
"hasBeardValue = appearanceHeavy AND range = LALV AND cameraLocation = DL:DR => weak positive",4,3
"hasBeardValue = appearanceSome AND range = LALV AND cameraLocation = DL:DR => no",4,3
"range = All AND cameraLocation = DL:DR => moderate positive",20,10
"cameraLocation = DR:UR AND TRUE => no",90,57
"cameraLocation = DL:UL AND TRUE => no",86,58
"cameraLocation = DL:UR AND TRUE => no",86,54
"cameraLocation = DR:UL AND TRUE => no",86,55
"range = HAHV AND cameraLocation = UL:UR => strong positive",12,6
"range = LAHV AND cameraLocation = UL:UR => weak positive",20,6
"range = HALV AND cameraLocation = UL:UR => no",20,8
"range = LALV AND cameraLocation = UL:UR => weak positive",20,8
"range = All AND cameraLocation = UL:UR => moderate positive",20,9
